source_code,source_concept_id,source_vocabulary_id,source_code_description,target_concept_id,target_vocabulary_id,valid_start_date,valid_end_date,invalid_reason
1210,0,MIMIC4_ED,0.9% NaCl (EXCEL/ViaFL 250mL BAG,967823,RxNorm,1970-01-01,2099-12-31,
1210,0,MIMIC4_ED,0.9% NaCl (EXCEL/ViaFLO BAG),967823,RxNorm,1970-01-01,2099-12-31,
25600,0,MIMIC4_ED,Acamprosate,19043959,RxNorm,1970-01-01,2099-12-31,
66887,0,MIMIC4_ED,Acetamin 1000mg/100mL 100mL Vial,1125315,RxNorm,1970-01-01,2099-12-31,
4490,0,MIMIC4_ED,Acetaminophen,1125315,RxNorm,1970-01-01,2099-12-31,
4481,0,MIMIC4_ED,Acetaminophen (Liquid),1125315,RxNorm,1970-01-01,2099-12-31,
4481,0,MIMIC4_ED,Acetaminophen (Liquid) 650mg CUP,1125315,RxNorm,1970-01-01,2099-12-31,
4478,0,MIMIC4_ED,Acetaminophen (Rectal 650mg SUPP,1125315,RxNorm,1970-01-01,2099-12-31,
4478,0,MIMIC4_ED,Acetaminophen (Rectal),40005797,RxNorm,1970-01-01,2099-12-31,
4489,0,MIMIC4_ED,Acetaminophen 325mg TAB,1125315,RxNorm,1970-01-01,2099-12-31,
4490,0,MIMIC4_ED,Acetaminophen 500mg TAB,1125315,RxNorm,1970-01-01,2099-12-31,
66887,0,MIMIC4_ED,Acetaminophen IV,1125315,RxNorm,1970-01-01,2099-12-31,
45154,0,MIMIC4_ED,Acetaminophen w/Codei 12.5mL CUP,1125315,RxNorm,1970-01-01,2099-12-31,
4165,0,MIMIC4_ED,Acetaminophen w/Codeine,40003695,RxNorm,1970-01-01,2099-12-31,
4165,0,MIMIC4_ED,Acetaminophen w/Codeine 1TAB TAB,40003695,RxNorm,1970-01-01,2099-12-31,
45154,0,MIMIC4_ED,Acetaminophen w/Codeine Elixir,19005995,RxNorm,1970-01-01,2099-12-31,
4450,0,MIMIC4_ED,Acetaminophen-Caff-Buta 1TAB TAB,40004013,RxNorm,1970-01-01,2099-12-31,
4450,0,MIMIC4_ED,Acetaminophen-Caff-Butalbital,40004013,RxNorm,1970-01-01,2099-12-31,
591,0,MIMIC4_ED,Acetylcysteine 20% (Oral),1139042,RxNorm,1970-01-01,2099-12-31,
16408,0,MIMIC4_ED,Acyclovir,1703687,RxNorm,1970-01-01,2099-12-31,
16408,0,MIMIC4_ED,Acyclovir 400mg TAB,1703687,RxNorm,1970-01-01,2099-12-31,
4999,0,MIMIC4_ED,Adderall,714847,RxNorm,1970-01-01,2099-12-31,
4999,0,MIMIC4_ED,Adderall 5mg TAB,714821,RxNorm,1970-01-01,2099-12-31,
48702,0,MIMIC4_ED,ADDerall XR,21122741,RxNorm Extension,1970-01-01,2099-12-31,
48702,0,MIMIC4_ED,ADDerall XR 20mg CAP,719419,RxNorm,1970-01-01,2099-12-31,
50428,0,MIMIC4_ED,ADDerall XR 5mg CAP,21122741,RxNorm Extension,1970-01-01,2099-12-31,
13630,0,MIMIC4_ED,Adenosine,1309204,RxNorm,1970-01-01,2099-12-31,
13630,0,MIMIC4_ED,Adenosine 6mg/2mL 2mL VIAL,1309204,RxNorm,1970-01-01,2099-12-31,
5039,0,MIMIC4_ED,Albuterol 0.083% Neb Soln,1154343,RxNorm,1970-01-01,2099-12-31,
5039,0,MIMIC4_ED,Albuterol 0.083% Neb Soln 1Neb,1154343,RxNorm,1970-01-01,2099-12-31,
5040,0,MIMIC4_ED,Albuterol Inhalation So 20ml BTL,1154343,RxNorm,1970-01-01,2099-12-31,
5040,0,MIMIC4_ED,Albuterol Inhalation Soln 0.5%,1356108,RxNorm,1970-01-01,2099-12-31,
5037,0,MIMIC4_ED,Albuterol Inhaler,1356108,RxNorm,1970-01-01,2099-12-31,
28090,0,MIMIC4_ED,Albuterol Inhaler (ProAir),46234512,RxNorm,1970-01-01,2099-12-31,
5037,0,MIMIC4_ED,Albuterol Inhaler INH,46234463,RxNorm,1970-01-01,2099-12-31,
2535,0,MIMIC4_ED,Allopurinol,1167322,RxNorm,1970-01-01,2099-12-31,
2535,0,MIMIC4_ED,Allopurinol 100mg TAB,1167322,RxNorm,1970-01-01,2099-12-31,
3773,0,MIMIC4_ED,Alprazolam,781039,RxNorm,1970-01-01,2099-12-31,
3773,0,MIMIC4_ED,ALPRAZolam,781039,RxNorm,1970-01-01,2099-12-31,
3773,0,MIMIC4_ED,ALPRAZolam 0.25mg TAB,781039,RxNorm,1970-01-01,2099-12-31,
3775,0,MIMIC4_ED,ALPRAZolam 1mg TAB,781039,RxNorm,1970-01-01,2099-12-31,
16922,0,MIMIC4_ED,Alteplase,1347450,RxNorm,1970-01-01,2099-12-31,
16922,0,MIMIC4_ED,Alteplase 100mg VIAL,1347450,RxNorm,1970-01-01,2099-12-31,
2701,0,MIMIC4_ED,Aluminum-Magnesium Hy 30mL UDCUP,37003459,RxNorm,1970-01-01,2099-12-31,
2701,0,MIMIC4_ED,Aluminum-Magnesium Hydrox.-Simet,40007813,RxNorm,1970-01-01,2099-12-31,
266,0,MIMIC4_ED,Amiodarone,1309944,RxNorm,1970-01-01,2099-12-31,
50676,0,MIMIC4_ED,Amiodarone (f 150mg/3mL 3mL Vial,1309944,RxNorm,1970-01-01,2099-12-31,
50676,0,MIMIC4_ED,Amiodarone (for dilution),1309944,RxNorm,1970-01-01,2099-12-31,
266,0,MIMIC4_ED,Amiodarone 200mg TAB,1309944,RxNorm,1970-01-01,2099-12-31,
46046,0,MIMIC4_ED,Amitriptyline,710062,RxNorm,1970-01-01,2099-12-31,
46043,0,MIMIC4_ED,Amitriptyline 10mg TAB,710062,RxNorm,1970-01-01,2099-12-31,
46046,0,MIMIC4_ED,Amitriptyline 25mg TAB,710062,RxNorm,1970-01-01,2099-12-31,
16926,0,MIMIC4_ED,Amlodipine,1332418,RxNorm,1970-01-01,2099-12-31,
16926,0,MIMIC4_ED,AmLODIPine,1332418,RxNorm,1970-01-01,2099-12-31,
16925,0,MIMIC4_ED,AmLODIPine 2.5mg TAB,1332418,RxNorm,1970-01-01,2099-12-31,
16925,0,MIMIC4_ED,Amlodipine 2.5mg TAB,1332418,RxNorm,1970-01-01,2099-12-31,
16926,0,MIMIC4_ED,AmLODIPine 5mg TAB,1332418,RxNorm,1970-01-01,2099-12-31,
16926,0,MIMIC4_ED,Amlodipine 5mg TAB,1332418,RxNorm,1970-01-01,2099-12-31,
8995,0,MIMIC4_ED,AMOXicillin,1713332,RxNorm,1970-01-01,2099-12-31,
8995,0,MIMIC4_ED,AMOXicillin 250mg CAP,1713332,RxNorm,1970-01-01,2099-12-31,
24668,0,MIMIC4_ED,Amoxicillin-Clavulanic 875mg TAB,19115197,RxNorm,1970-01-01,2099-12-31,
24668,0,MIMIC4_ED,Amoxicillin-Clavulanic Acid,40105048,RxNorm,1970-01-01,2099-12-31,
48702,0,MIMIC4_ED,Amphetamine-Dextroamphe 20mg CAP,40009527,RxNorm,1970-01-01,2099-12-31,
50428,0,MIMIC4_ED,Amphetamine-Dextroamphet 5mg CAP,719311,RxNorm,1970-01-01,2099-12-31,
4999,0,MIMIC4_ED,Amphetamine-Dextroamphet 5mg TAB,719311,RxNorm,1970-01-01,2099-12-31,
4999,0,MIMIC4_ED,Amphetamine-Dextroamphetamine,719311,RxNorm,1970-01-01,2099-12-31,
50428,0,MIMIC4_ED,Amphetamine-Dextroamphetamine XR,719311,RxNorm,1970-01-01,2099-12-31,
0,0,MIMIC4_ED,Ampicillin-Su 3g/100mL 100mL BAG,1717327,RxNorm,1970-01-01,2099-12-31,
8921,0,MIMIC4_ED,Ampicillin-Sulbactam,46275615,RxNorm,1970-01-01,2099-12-31,
8921,0,MIMIC4_ED,Ampicillin-Sulbactam 3g VIAL,46275615,RxNorm,1970-01-01,2099-12-31,
67642,0,MIMIC4_ED,Apixaban,43013024,RxNorm,1970-01-01,2099-12-31,
67642,0,MIMIC4_ED,Apixaban 2.5mg TAB,43013024,RxNorm,1970-01-01,2099-12-31,
70414,0,MIMIC4_ED,Apixaban 5mg TAB,43013024,RxNorm,1970-01-01,2099-12-31,
52898,0,MIMIC4_ED,ARIpiprazole,757688,RxNorm,1970-01-01,2099-12-31,
0,0,MIMIC4_ED,Aripiprazole,757688,RxNorm,1970-01-01,2099-12-31,
0,0,MIMIC4_ED,ARIpiprazole 10mg TAB,757688,RxNorm,1970-01-01,2099-12-31,
52898,0,MIMIC4_ED,ARIpiprazole 5mg TAB,757688,RxNorm,1970-01-01,2099-12-31,
7936,0,MIMIC4_ED,Artificial Tears,44095823,RxNorm Extension,1970-01-01,2099-12-31,
7936,0,MIMIC4_ED,Artificial Tears 15mL DBTL,44054598,RxNorm Extension,1970-01-01,2099-12-31,
4380,0,MIMIC4_ED,Aspirin,19020961,RxNorm,1970-01-01,2099-12-31,
4335,0,MIMIC4_ED,Aspirin (Buffered),1112807,RxNorm,1970-01-01,2099-12-31,
4335,0,MIMIC4_ED,Aspirin (Buffered) 325mg TAB,1112807,RxNorm,1970-01-01,2099-12-31,
4380,0,MIMIC4_ED,Aspirin (Chewable),1112807,RxNorm,1970-01-01,2099-12-31,
4374,0,MIMIC4_ED,Aspirin (Rectal),1112807,RxNorm,1970-01-01,2099-12-31,
4374,0,MIMIC4_ED,Aspirin (Rectal) 600mg SUPP,1112807,RxNorm,1970-01-01,2099-12-31,
4376,0,MIMIC4_ED,Aspirin 325mg TAB,19082433,RxNorm,1970-01-01,2099-12-31,
4380,0,MIMIC4_ED,Aspirin 81mg TAB,19020961,RxNorm,1970-01-01,2099-12-31,
16995,0,MIMIC4_ED,Aspirin EC,1112807,RxNorm,1970-01-01,2099-12-31,
16995,0,MIMIC4_ED,Aspirin EC 81mg TAB,1112807,RxNorm,1970-01-01,2099-12-31,
4308,0,MIMIC4_ED,Aspirin-Caffeine-Butalb 1TAB CAP,40012635,RxNorm,1970-01-01,2099-12-31,
4308,0,MIMIC4_ED,Aspirin-Caffeine-Butalbital,40012635,RxNorm,1970-01-01,2099-12-31,
15864,0,MIMIC4_ED,Atenolol,1314002,RxNorm,1970-01-01,2099-12-31,
15864,0,MIMIC4_ED,Atenolol 25mg TAB,1314002,RxNorm,1970-01-01,2099-12-31,
5139,0,MIMIC4_ED,Atenolol 50mg TAB,1314002,RxNorm,1970-01-01,2099-12-31,
29969,0,MIMIC4_ED,Atorvastatin,1545958,RxNorm,1970-01-01,2099-12-31,
29967,0,MIMIC4_ED,Atorvastatin 10mg TAB,1545958,RxNorm,1970-01-01,2099-12-31,
29968,0,MIMIC4_ED,Atorvastatin 20mg TAB,19123592,RxNorm,1970-01-01,2099-12-31,
29969,0,MIMIC4_ED,Atorvastatin 40mg TAB,1545958,RxNorm,1970-01-01,2099-12-31,
4817,0,MIMIC4_ED,Atropine Sulfa 1mg/10mL 10mL SYR,40243445,RxNorm,1970-01-01,2099-12-31,
4817,0,MIMIC4_ED,Atropine Sulfate,40243445,RxNorm,1970-01-01,2099-12-31,
4817,0,MIMIC4_ED,Atropine Sulfate (Bristojet),40243445,RxNorm,1970-01-01,2099-12-31,
0,0,MIMIC4_ED,Azithromyc 500mg/250mL 250mL BAG,1734104,RxNorm,1970-01-01,2099-12-31,
31452,0,MIMIC4_ED,Azithromycin,1734104,RxNorm,1970-01-01,2099-12-31,
0,0,MIMIC4_ED,Azithromycin (in NS),1734104,RxNorm,1970-01-01,2099-12-31,
16630,0,MIMIC4_ED,Azithromycin 250mg TAB,1734104,RxNorm,1970-01-01,2099-12-31,
31452,0,MIMIC4_ED,Azithromycin 500mg VIAL,1734104,RxNorm,1970-01-01,2099-12-31,
4679,0,MIMIC4_ED,Baclofen,715233,RxNorm,1970-01-01,2099-12-31,
4679,0,MIMIC4_ED,Baclofen 10mg TAB,715233,RxNorm,1970-01-01,2099-12-31,
7788,0,MIMIC4_ED,Balanced Salt Opth. So 15mL SOLN,44070450,RxNorm Extension,1970-01-01,2099-12-31,
7788,0,MIMIC4_ED,Balanced Salt Opth. Soln,44070450,RxNorm Extension,1970-01-01,2099-12-31,
0,0,MIMIC4_ED,Belladonna \\T\\ Opium (16.2/30mg),923829,RxNorm,1970-01-01,2099-12-31,
4257,0,MIMIC4_ED,Belladonna & Opium (16 1SUPP SUP,923829,RxNorm,1970-01-01,2099-12-31,
4257,0,MIMIC4_ED,Belladonna & Opium (16.2/30mg),923829,RxNorm,1970-01-01,2099-12-31,
3478,0,MIMIC4_ED,Benzocaine 20% Spray,917006,RxNorm,1970-01-01,2099-12-31,
3478,0,MIMIC4_ED,Benzocaine 20% Spray CAN,917006,RxNorm,1970-01-01,2099-12-31,
4641,0,MIMIC4_ED,Benzonatate,1136601,RxNorm,1970-01-01,2099-12-31,
4641,0,MIMIC4_ED,Benzonatate 100mg CAP,1136601,RxNorm,1970-01-01,2099-12-31,
4588,0,MIMIC4_ED,Benztropine Mesy 2mg/2mL 2mL AMP,719174,RxNorm,1970-01-01,2099-12-31,
4590,0,MIMIC4_ED,Benztropine Mesylate,40168887,RxNorm,1970-01-01,2099-12-31,
4590,0,MIMIC4_ED,Benztropine Mesylate 1mg TAB,40168887,RxNorm,1970-01-01,2099-12-31,
4741,0,MIMIC4_ED,Bethanechol,937439,RxNorm,1970-01-01,2099-12-31,
4741,0,MIMIC4_ED,Bethanechol 25mg TAB,937439,RxNorm,1970-01-01,2099-12-31,
2947,0,MIMIC4_ED,Bisacodyl,924939,RxNorm,1970-01-01,2099-12-31,
2944,0,MIMIC4_ED,Bisacodyl (Rectal),924939,RxNorm,1970-01-01,2099-12-31,
2944,0,MIMIC4_ED,Bisacodyl (Rectal) 10mg SUPP,924939,RxNorm,1970-01-01,2099-12-31,
2947,0,MIMIC4_ED,Bisacodyl 5mg TAB,924939,RxNorm,1970-01-01,2099-12-31,
75600,0,MIMIC4_ED,Brivaracetam,35604901,RxNorm,1970-01-01,2099-12-31,
75600,0,MIMIC4_ED,BRIVAracetam,35604901,RxNorm,1970-01-01,2099-12-31,
75600,0,MIMIC4_ED,Brivaracetam 50mg TAB,35604901,RxNorm,1970-01-01,2099-12-31,
3358,0,MIMIC4_ED,Bupivacaine 0.25%,732893,RxNorm,1970-01-01,2099-12-31,
3358,0,MIMIC4_ED,Bupivacaine 0.25% 30mL VIAL,732893,RxNorm,1970-01-01,2099-12-31,
3349,0,MIMIC4_ED,Bupivacaine 0.25%-Epi 30mL VIAL,732893,RxNorm,1970-01-01,2099-12-31,
3349,0,MIMIC4_ED,Bupivacaine 0.25%-Epin 30mL VIAL,732893,RxNorm,1970-01-01,2099-12-31,
3349,0,MIMIC4_ED,Bupivacaine 0.25%-Epinephrine,732893,RxNorm,1970-01-01,2099-12-31,
3350,0,MIMIC4_ED,"Bupivacaine 0.5 %-Epi 1::200,000",732893,RxNorm,1970-01-01,2099-12-31,
3350,0,MIMIC4_ED,Bupivacaine 0.5 %-Epi 30mL VIAL,732893,RxNorm,1970-01-01,2099-12-31,
3359,0,MIMIC4_ED,Bupivacaine 0.5%,732893,RxNorm,1970-01-01,2099-12-31,
3359,0,MIMIC4_ED,Bupivacaine 0.5% 30mL VIAL,732893,RxNorm,1970-01-01,2099-12-31,
29312,0,MIMIC4_ED,Buprenorphine,1133201,RxNorm,1970-01-01,2099-12-31,
29312,0,MIMIC4_ED,Buprenorphine 2mg TAB,1133201,RxNorm,1970-01-01,2099-12-31,
29313,0,MIMIC4_ED,Buprenorphine 8mg TAB,1133201,RxNorm,1970-01-01,2099-12-31,
66636,0,MIMIC4_ED,Buprenorphine-Nalox F 1FILM FILM,1133201,RxNorm,1970-01-01,2099-12-31,
66635,0,MIMIC4_ED,Buprenorphine-Nalox Film (2mg-0.5mg),45776270,RxNorm,1970-01-01,2099-12-31,
70259,0,MIMIC4_ED,Buprenorphine-Nalox Film (4mg-1mg),1133201,RxNorm,1970-01-01,2099-12-31,
66636,0,MIMIC4_ED,Buprenorphine-Nalox Film (8mg-2mg),1133201,RxNorm,1970-01-01,2099-12-31,
51641,0,MIMIC4_ED,Buprenorphine-Naloxone (8mg-2mg),1970413,RxNorm Extension,1970-01-01,2099-12-31,
51641,0,MIMIC4_ED,Buprenorphine-Naloxone 1TAB TAB,40015149,RxNorm,1970-01-01,2099-12-31,
51640,0,MIMIC4_ED,Buprenorphine-Naloxone( 1TAB TAB,1970413,RxNorm Extension,1970-01-01,2099-12-31,
51640,0,MIMIC4_ED,Buprenorphine-Naloxone(2mg-0.5mg),40015149,RxNorm,1970-01-01,2099-12-31,
46237,0,MIMIC4_ED,BuPROPion,750982,RxNorm,1970-01-01,2099-12-31,
46239,0,MIMIC4_ED,BuPROPion (Sustained R 100mg TAB,750982,RxNorm,1970-01-01,2099-12-31,
46239,0,MIMIC4_ED,BuPROPion (Sustained Release),750982,RxNorm,1970-01-01,2099-12-31,
46237,0,MIMIC4_ED,BuPROPion 100mg TAB,750982,RxNorm,1970-01-01,2099-12-31,
3782,0,MIMIC4_ED,BusPIRone,733301,RxNorm,1970-01-01,2099-12-31,
3782,0,MIMIC4_ED,BusPIRone 5mg TAB,733301,RxNorm,1970-01-01,2099-12-31,
19074,0,MIMIC4_ED,Caffeine-Sodium Benzoate,35605195,RxNorm,1970-01-01,2099-12-31,
1340,0,MIMIC4_ED,Calcium Carbonate,19035704,RxNorm,1970-01-01,2099-12-31,
1340,0,MIMIC4_ED,Calcium Carbonate 500mg TAB,19035704,RxNorm,1970-01-01,2099-12-31,
1349,0,MIMIC4_ED,Calcium Chlori 1gm/10mL 10mL SYR,19036781,RxNorm,1970-01-01,2099-12-31,
1349,0,MIMIC4_ED,Calcium Chloride,19036781,RxNorm,1970-01-01,2099-12-31,
1349,0,MIMIC4_ED,Calcium Chloride (Bristojet),19036781,RxNorm,1970-01-01,2099-12-31,
1356,0,MIMIC4_ED,Calcium Gluco 2g/100mL 100mL BAG,19037038,RxNorm,1970-01-01,2099-12-31,
1356,0,MIMIC4_ED,Calcium Glucon 1g/10mL 10mL VIAL,19037038,RxNorm,1970-01-01,2099-12-31,
1356,0,MIMIC4_ED,Calcium Gluconate,19037038,RxNorm,1970-01-01,2099-12-31,
79278,0,MIMIC4_ED,Calcium Gluconate (Premix),19037038,RxNorm,1970-01-01,2099-12-31,
380,0,MIMIC4_ED,CAPTopril,1340128,RxNorm,1970-01-01,2099-12-31,
380,0,MIMIC4_ED,CAPTopril 25mg TAB,1340128,RxNorm,1970-01-01,2099-12-31,
4558,0,MIMIC4_ED,Carbamazepine,740275,RxNorm,1970-01-01,2099-12-31,
4558,0,MIMIC4_ED,CarBAMazepine,740275,RxNorm,1970-01-01,2099-12-31,
4558,0,MIMIC4_ED,CarBAMazepine 200mg TAB,740275,RxNorm,1970-01-01,2099-12-31,
2538,0,MIMIC4_ED,Carbidopa-Levodopa (25- 1TAB TAB,44031540,RxNorm Extension,1970-01-01,2099-12-31,
2538,0,MIMIC4_ED,Carbidopa-Levodopa (25-100),789721,RxNorm,1970-01-01,2099-12-31,
22233,0,MIMIC4_ED,CARVedilol,1346823,RxNorm,1970-01-01,2099-12-31,
22233,0,MIMIC4_ED,CARVedilol 12.5mg TAB,1346823,RxNorm,1970-01-01,2099-12-31,
28109,0,MIMIC4_ED,CARVedilol 6.25mg TAB,1346823,RxNorm,1970-01-01,2099-12-31,
9059,0,MIMIC4_ED,CefazoLIN,1771162,RxNorm,1970-01-01,2099-12-31,
9059,0,MIMIC4_ED,CeFAZolin,1771162,RxNorm,1970-01-01,2099-12-31,
9065,0,MIMIC4_ED,CeFAZolin 1g VIAL,1771162,RxNorm,1970-01-01,2099-12-31,
9059,0,MIMIC4_ED,CeFAZolin 1g/50mL 50mL BAG,1771162,RxNorm,1970-01-01,2099-12-31,
68632,0,MIMIC4_ED,CeFAZolin Duple 2g/50mL 50mL BAG,1771162,RxNorm,1970-01-01,2099-12-31,
75120,0,MIMIC4_ED,CeFAZolin in Dextrose (iso-os),1771162,RxNorm,1970-01-01,2099-12-31,
24095,0,MIMIC4_ED,CefePIME,1748975,RxNorm,1970-01-01,2099-12-31,
64400,0,MIMIC4_ED,CefePIME (Fro 2g/100mL 100mL Bag,1748975,RxNorm,1970-01-01,2099-12-31,
0,0,MIMIC4_ED,CefePIME (Min 2g/100mL 100mL BAG,1748975,RxNorm,1970-01-01,2099-12-31,
24095,0,MIMIC4_ED,CefePIME 2g VIAL,1748975,RxNorm,1970-01-01,2099-12-31,
0,0,MIMIC4_ED,CefePIME 2g/100mL 100mL BAG,1748975,RxNorm,1970-01-01,2099-12-31,
15945,0,MIMIC4_ED,Cefoxitin,1775741,RxNorm,1970-01-01,2099-12-31,
16931,0,MIMIC4_ED,Cefpodoxime Proxetil,2049926,RxNorm Extension,1970-01-01,2099-12-31,
16931,0,MIMIC4_ED,Cefpodoxime Proxetil 100mg TAB,1749008,RxNorm,1970-01-01,2099-12-31,
9169,0,MIMIC4_ED,CefTAZidime,1776684,RxNorm,1970-01-01,2099-12-31,
9169,0,MIMIC4_ED,CefTAZidime 1g VIAL,1776684,RxNorm,1970-01-01,2099-12-31,
9162,0,MIMIC4_ED,CefTRIAXone,1777806,RxNorm,1970-01-01,2099-12-31,
9156,0,MIMIC4_ED,CeftriaXONE,1777806,RxNorm,1970-01-01,2099-12-31,
0,0,MIMIC4_ED,CeftriaXONE (Mini Bag Plus),1777806,RxNorm,1970-01-01,2099-12-31,
0,0,MIMIC4_ED,CefTRIAXone (Mini Bag Plus),1777806,RxNorm,1970-01-01,2099-12-31,
9162,0,MIMIC4_ED,CefTRIAXone 1gm VIAL,1777806,RxNorm,1970-01-01,2099-12-31,
0,0,MIMIC4_ED,CefTRIAXone 1gm/100mL 100mL Bag,1777806,RxNorm,1970-01-01,2099-12-31,
9156,0,MIMIC4_ED,CefTRIAXone 1gm/50mL 50mL BAG,1777806,RxNorm,1970-01-01,2099-12-31,
9165,0,MIMIC4_ED,CefTRIAXone 250mg VIAL,46287315,RxNorm,1970-01-01,2099-12-31,
9164,0,MIMIC4_ED,CefTRIAXone 2gm VIAL,1777806,RxNorm,1970-01-01,2099-12-31,
28283,0,MIMIC4_ED,Cepacol (Menthol),901656,RxNorm,1970-01-01,2099-12-31,
28283,0,MIMIC4_ED,Cepacol (Sore Throat Lo 1LOZ LOZ,19123003,RxNorm,1970-01-01,2099-12-31,
28283,0,MIMIC4_ED,Cepacol (Sore Throat Lozenge),40128502,RxNorm,1970-01-01,2099-12-31,
63824,0,MIMIC4_ED,Cepastat (Phenol),42705721,RxNorm,1970-01-01,2099-12-31,
9042,0,MIMIC4_ED,Cephalexin,1786621,RxNorm,1970-01-01,2099-12-31,
9042,0,MIMIC4_ED,Cephalexin 250mg CAP,1786621,RxNorm,1970-01-01,2099-12-31,
17037,0,MIMIC4_ED,Cetirizine,1149196,RxNorm,1970-01-01,2099-12-31,
17037,0,MIMIC4_ED,Cetirizine 10mg TAB,1149196,RxNorm,1970-01-01,2099-12-31,
2564,0,MIMIC4_ED,Charcoal Aqueous (Activated),1701928,RxNorm,1970-01-01,2099-12-31,
2564,0,MIMIC4_ED,Charcoal Aqueous 25gm 120mL TUBE,1789537,RxNorm,1970-01-01,2099-12-31,
2565,0,MIMIC4_ED,Charcoal-S 25gm/120mL 120mL TUBE,1789521,RxNorm,1970-01-01,2099-12-31,
2565,0,MIMIC4_ED,Charcoal-Sorbitol Suspension,40006347,RxNorm,1970-01-01,2099-12-31,
3736,0,MIMIC4_ED,ChlordiazePOXDE,990678,RxNorm,1970-01-01,2099-12-31,
3736,0,MIMIC4_ED,ChlordiazePOXDE 5mg CAP,990678,RxNorm,1970-01-01,2099-12-31,
3736,0,MIMIC4_ED,Chlordiazepoxide,990678,RxNorm,1970-01-01,2099-12-31,
3735,0,MIMIC4_ED,ChlordiazePOXIDE 25mg CAP,990678,RxNorm,1970-01-01,2099-12-31,
3735,0,MIMIC4_ED,Chlordiazepoxide 25mg CAP,990678,RxNorm,1970-01-01,2099-12-31,
48492,0,MIMIC4_ED,Chlorpheniramine-Hydroco 5mL SYR,40022016,RxNorm,1970-01-01,2099-12-31,
48492,0,MIMIC4_ED,Chlorpheniramine-Hydrocodone,40022016,RxNorm,1970-01-01,2099-12-31,
3799,0,MIMIC4_ED,ChlorproMAZINE,794852,RxNorm,1970-01-01,2099-12-31,
3799,0,MIMIC4_ED,ChlorproMAZINE 25mg TAB,794852,RxNorm,1970-01-01,2099-12-31,
3788,0,MIMIC4_ED,ChlorproMAZINE 50mg/2mL 2mL AMP,794852,RxNorm,1970-01-01,2099-12-31,
15921,0,MIMIC4_ED,Ciprofloxa 400mg/200mL 200mL BAG,1797513,RxNorm,1970-01-01,2099-12-31,
9510,0,MIMIC4_ED,Ciprofloxacin,1797513,RxNorm,1970-01-01,2099-12-31,
15861,0,MIMIC4_ED,Ciprofloxacin 0.3% Oph 2.5mL BTL,1797513,RxNorm,1970-01-01,2099-12-31,
15861,0,MIMIC4_ED,Ciprofloxacin 0.3% Ophth Sol BTL,1797513,RxNorm,1970-01-01,2099-12-31,
15861,0,MIMIC4_ED,Ciprofloxacin 0.3% Ophth Soln,1797513,RxNorm,1970-01-01,2099-12-31,
9509,0,MIMIC4_ED,Ciprofloxacin 250mg TAB,1797513,RxNorm,1970-01-01,2099-12-31,
9510,0,MIMIC4_ED,Ciprofloxacin 500mg TAB,1797513,RxNorm,1970-01-01,2099-12-31,
15921,0,MIMIC4_ED,Ciprofloxacin IV,1797513,RxNorm,1970-01-01,2099-12-31,
46203,0,MIMIC4_ED,Citalopram,797617,RxNorm,1970-01-01,2099-12-31,
46203,0,MIMIC4_ED,Citalopram Hydrobromide,19075393,RxNorm,1970-01-01,2099-12-31,
46203,0,MIMIC4_ED,Citalopram Hydrobromide 20mg TAB,19124512,RxNorm,1970-01-01,2099-12-31,
16373,0,MIMIC4_ED,Clarithromycin,1750500,RxNorm,1970-01-01,2099-12-31,
16373,0,MIMIC4_ED,Clarithromycin 250mg TAB,1750500,RxNorm,1970-01-01,2099-12-31,
64407,0,MIMIC4_ED,Clevidipine,19089969,RxNorm,1970-01-01,2099-12-31,
64407,0,MIMIC4_ED,Clevidipine 25mg/50mL 50mL VIAL,19089969,RxNorm,1970-01-01,2099-12-31,
9339,0,MIMIC4_ED,Clindamycin,997881,RxNorm,1970-01-01,2099-12-31,
9339,0,MIMIC4_ED,Clindamycin 150mg CAP,997881,RxNorm,1970-01-01,2099-12-31,
13053,0,MIMIC4_ED,Clindamycin 600mg BAG,997881,RxNorm,1970-01-01,2099-12-31,
9344,0,MIMIC4_ED,Clindamycin 600mg/50mL 50mL BAG,997881,RxNorm,1970-01-01,2099-12-31,
9344,0,MIMIC4_ED,Clindamycin P 600mg/4mL 4mL VIAL,997881,RxNorm,1970-01-01,2099-12-31,
9344,0,MIMIC4_ED,Clindamycin P 900mg/6mL 6mL VIAL,997881,RxNorm,1970-01-01,2099-12-31,
9344,0,MIMIC4_ED,Clindamycin Phosphate,40168238,RxNorm,1970-01-01,2099-12-31,
17026,0,MIMIC4_ED,Clobazam,19050832,RxNorm,1970-01-01,2099-12-31,
20647,0,MIMIC4_ED,Clobazam 20mg TAB,19050832,RxNorm,1970-01-01,2099-12-31,
71282,0,MIMIC4_ED,Clobazam Suspens 5mg/2mL 2mL SYR,43013068,RxNorm,1970-01-01,2099-12-31,
4561,0,MIMIC4_ED,ClonazePAM,798874,RxNorm,1970-01-01,2099-12-31,
4561,0,MIMIC4_ED,Clonazepam,798874,RxNorm,1970-01-01,2099-12-31,
4560,0,MIMIC4_ED,ClonazePAM 0.5mg TAB,798874,RxNorm,1970-01-01,2099-12-31,
4561,0,MIMIC4_ED,ClonazePAM 1mg TAB,798874,RxNorm,1970-01-01,2099-12-31,
346,0,MIMIC4_ED,CloniDINE,1398937,RxNorm,1970-01-01,2099-12-31,
346,0,MIMIC4_ED,CloNIDine,1398937,RxNorm,1970-01-01,2099-12-31,
346,0,MIMIC4_ED,CloNIDine 0.1mg TAB,1398937,RxNorm,1970-01-01,2099-12-31,
38164,0,MIMIC4_ED,Clopidogrel,1322184,RxNorm,1970-01-01,2099-12-31,
63544,0,MIMIC4_ED,Clopidogrel 300mg TAB,1322184,RxNorm,1970-01-01,2099-12-31,
38164,0,MIMIC4_ED,Clopidogrel 75mg TAB,1322184,RxNorm,1970-01-01,2099-12-31,
3745,0,MIMIC4_ED,Clorazepate Dipotassi 3.75mg TAB,790297,RxNorm,1970-01-01,2099-12-31,
3745,0,MIMIC4_ED,Clorazepate Dipotassium,790320,RxNorm,1970-01-01,2099-12-31,
7481,0,MIMIC4_ED,Cocaine 4%,1001419,RxNorm,1970-01-01,2099-12-31,
4186,0,MIMIC4_ED,Codeine,1201620,RxNorm,1970-01-01,2099-12-31,
4186,0,MIMIC4_ED,Codeine 30mg TAB,1201620,RxNorm,1970-01-01,2099-12-31,
8334,0,MIMIC4_ED,Colchicine,1101554,RxNorm,1970-01-01,2099-12-31,
8334,0,MIMIC4_ED,Colchicine 0.6mg TAB,1101586,RxNorm,1970-01-01,2099-12-31,
48559,0,MIMIC4_ED,Cortisporin Otic Susp,40049704,RxNorm,1970-01-01,2099-12-31,
48559,0,MIMIC4_ED,Cortisporin Otic Susp 10mL DBTL,40052936,RxNorm,1970-01-01,2099-12-31,
65329,0,MIMIC4_ED,Creon 12,40166176,RxNorm,1970-01-01,2099-12-31,
65329,0,MIMIC4_ED,Creon 12 1CAP CAP,40166176,RxNorm,1970-01-01,2099-12-31,
0,0,MIMIC4_ED,Cyano KIT,19125674,RxNorm,1970-01-01,2099-12-31,
2336,0,MIMIC4_ED,Cyanocobalamin 100mcg TAB,19075955,RxNorm,1970-01-01,2099-12-31,
4681,0,MIMIC4_ED,Cyclobenzaprine,778711,RxNorm,1970-01-01,2099-12-31,
4681,0,MIMIC4_ED,Cyclobenzaprine 10mg TAB,778711,RxNorm,1970-01-01,2099-12-31,
6789,0,MIMIC4_ED,Dexamethasone,1518254,RxNorm,1970-01-01,2099-12-31,
6776,0,MIMIC4_ED,Dexamethasone 10mg/1mL 1mL VIAL,1518254,RxNorm,1970-01-01,2099-12-31,
6789,0,MIMIC4_ED,Dexamethasone 4mg TAB,1518254,RxNorm,1970-01-01,2099-12-31,
6776,0,MIMIC4_ED,Dexamethasone Sod Phosphate,40241505,RxNorm,1970-01-01,2099-12-31,
70877,0,MIMIC4_ED,Dexmedeto 0.4mg/100mL 100mL VIAL,19061088,RxNorm,1970-01-01,2099-12-31,
44671,0,MIMIC4_ED,Dexmedetomidi 0.2mg/2mL 2mL VIAL,19061088,RxNorm,1970-01-01,2099-12-31,
44671,0,MIMIC4_ED,Dexmedetomidine,19061088,RxNorm,1970-01-01,2099-12-31,
5011,0,MIMIC4_ED,Dextroamphetamine,719311,RxNorm,1970-01-01,2099-12-31,
5011,0,MIMIC4_ED,Dextroamphetamine 5mg TAB,719311,RxNorm,1970-01-01,2099-12-31,
1972,0,MIMIC4_ED,Dextrose 5% (EXCEL BAG 500mL BAG,1560556,RxNorm,1970-01-01,2099-12-31,
1972,0,MIMIC4_ED,Dextrose 5% (EXCEL BAG),19023068,RxNorm,1970-01-01,2099-12-31,
1989,0,MIMIC4_ED,Dextrose 50%,36249719,RxNorm,1970-01-01,2099-12-31,
1989,0,MIMIC4_ED,Dextrose 50% 25gm/50mL 50mL SYR,36249719,RxNorm,1970-01-01,2099-12-31,
3766,0,MIMIC4_ED,Diazepam,723013,RxNorm,1970-01-01,2099-12-31,
3766,0,MIMIC4_ED,Diazepam 10mg TAB,723013,RxNorm,1970-01-01,2099-12-31,
3762,0,MIMIC4_ED,Diazepam 10mg/2mL 2mL SYR,723013,RxNorm,1970-01-01,2099-12-31,
3767,0,MIMIC4_ED,Diazepam 2mg TAB,723013,RxNorm,1970-01-01,2099-12-31,
3768,0,MIMIC4_ED,Diazepam 5mg TAB,723013,RxNorm,1970-01-01,2099-12-31,
8983,0,MIMIC4_ED,DiCLOXacillin,1724666,RxNorm,1970-01-01,2099-12-31,
8983,0,MIMIC4_ED,DiCLOXacillin 250mg CAP,1724666,RxNorm,1970-01-01,2099-12-31,
4918,0,MIMIC4_ED,DICYCLOMine,924724,RxNorm,1970-01-01,2099-12-31,
4918,0,MIMIC4_ED,DiCYCLOmine,924724,RxNorm,1970-01-01,2099-12-31,
4918,0,MIMIC4_ED,DICYCLOMine 10mg CAP,924724,RxNorm,1970-01-01,2099-12-31,
18,0,MIMIC4_ED,Digoxin,1326303,RxNorm,1970-01-01,2099-12-31,
18,0,MIMIC4_ED,Digoxin 0.125mg TAB,1326303,RxNorm,1970-01-01,2099-12-31,
15,0,MIMIC4_ED,Digoxin 0.5mg/2mL 2mL AMP,1326303,RxNorm,1970-01-01,2099-12-31,
2582,0,MIMIC4_ED,Digoxin Immune Fab,1326303,RxNorm,1970-01-01,2099-12-31,
2582,0,MIMIC4_ED,Digoxin Immune Fab 40mg VIAL,1326303,RxNorm,1970-01-01,2099-12-31,
16424,0,MIMIC4_ED,Diltiazem,1328165,RxNorm,1970-01-01,2099-12-31,
16424,0,MIMIC4_ED,Diltiazem (For Dilution),1328165,RxNorm,1970-01-01,2099-12-31,
16424,0,MIMIC4_ED,Diltiazem 25mg/5mL 5mL VIAL,1328165,RxNorm,1970-01-01,2099-12-31,
574,0,MIMIC4_ED,Diltiazem 30mg TAB,1328165,RxNorm,1970-01-01,2099-12-31,
16424,0,MIMIC4_ED,Diltiazem 50mg/10mL 10mL VIAL,1328165,RxNorm,1970-01-01,2099-12-31,
17205,0,MIMIC4_ED,Diltiazem Extended-Rel 120mg CAP,21144801,RxNorm Extension,1970-01-01,2099-12-31,
17205,0,MIMIC4_ED,Diltiazem Extended-Release,1328165,RxNorm,1970-01-01,2099-12-31,
11590,0,MIMIC4_ED,DiphenhydrAMIN 50mg/1mL 1mL VIAL,1129625,RxNorm,1970-01-01,2099-12-31,
11590,0,MIMIC4_ED,DiphenhydrAMINE,1129625,RxNorm,1970-01-01,2099-12-31,
11582,0,MIMIC4_ED,DiphenhydrAMINE 25mg CAP,41139539,RxNorm Extension,1970-01-01,2099-12-31,
2841,0,MIMIC4_ED,Diphenoxylate-Atropine,930916,RxNorm,1970-01-01,2099-12-31,
2841,0,MIMIC4_ED,Diphenoxylate-Atropine 1TAB TAB,40010968,RxNorm,1970-01-01,2099-12-31,
2839,0,MIMIC4_ED,Diphenoxylate-Atropine 5mL CUP,930916,RxNorm,1970-01-01,2099-12-31,
4539,0,MIMIC4_ED,Divalproex (DELayed Re 250mg TAB,40238245,RxNorm,1970-01-01,2099-12-31,
4539,0,MIMIC4_ED,Divalproex (DELayed Release),40238243,RxNorm,1970-01-01,2099-12-31,
21502,0,MIMIC4_ED,DOBUTamine,1337720,RxNorm,1970-01-01,2099-12-31,
21502,0,MIMIC4_ED,DOBUTamine 250mg BAG,1337720,RxNorm,1970-01-01,2099-12-31,
3009,0,MIMIC4_ED,Docusate Sodium,42706627,RxNorm,1970-01-01,2099-12-31,
3009,0,MIMIC4_ED,Docusate Sodium 100mg CAP,40238220,RxNorm,1970-01-01,2099-12-31,
71322,0,MIMIC4_ED,Dolutegravir,43560385,RxNorm,1970-01-01,2099-12-31,
71322,0,MIMIC4_ED,Dolutegravir 50mg TAB,43560385,RxNorm,1970-01-01,2099-12-31,
4773,0,MIMIC4_ED,Donnatol,1116109,RxNorm,1970-01-01,2099-12-31,
4773,0,MIMIC4_ED,Donnatol (Elixir),1116109,RxNorm,1970-01-01,2099-12-31,
4773,0,MIMIC4_ED,Donnatol (Elixir) 5mL Oral Sy,1116109,RxNorm,1970-01-01,2099-12-31,
4773,0,MIMIC4_ED,Donnatol 1TAB TAB,1116109,RxNorm,1970-01-01,2099-12-31,
4970,0,MIMIC4_ED,DOPamine,1337860,RxNorm,1970-01-01,2099-12-31,
4970,0,MIMIC4_ED,DOPamine 400mg BAG,1337860,RxNorm,1970-01-01,2099-12-31,
15586,0,MIMIC4_ED,Doxazosin,1363053,RxNorm,1970-01-01,2099-12-31,
15584,0,MIMIC4_ED,Doxazosin 1mg TAB,1363053,RxNorm,1970-01-01,2099-12-31,
15586,0,MIMIC4_ED,Doxazosin 4mg TAB,1363053,RxNorm,1970-01-01,2099-12-31,
9218,0,MIMIC4_ED,Doxycycline Hyclate,46234522,RxNorm,1970-01-01,2099-12-31,
9218,0,MIMIC4_ED,Doxycycline Hyclate 100mg CAP,46234522,RxNorm,1970-01-01,2099-12-31,
4694,0,MIMIC4_ED,Dronabinol,1037005,RxNorm,1970-01-01,2099-12-31,
4693,0,MIMIC4_ED,Dronabinol 10mg CAP,1037005,RxNorm,1970-01-01,2099-12-31,
4694,0,MIMIC4_ED,Dronabinol 2.5mg CAP,1037005,RxNorm,1970-01-01,2099-12-31,
3964,0,MIMIC4_ED,Droperidol,739323,RxNorm,1970-01-01,2099-12-31,
57892,0,MIMIC4_ED,DULoxetine,715259,RxNorm,1970-01-01,2099-12-31,
57892,0,MIMIC4_ED,Duloxetine,715259,RxNorm,1970-01-01,2099-12-31,
57891,0,MIMIC4_ED,DULoxetine 20mg DR CAP,715259,RxNorm,1970-01-01,2099-12-31,
57892,0,MIMIC4_ED,DULoxetine 30mg DR CAP,715259,RxNorm,1970-01-01,2099-12-31,
57892,0,MIMIC4_ED,DULoxetine DR,715259,RxNorm,1970-01-01,2099-12-31,
57883,0,MIMIC4_ED,Emtricitabine-Tenofovir,36882760,RxNorm Extension,1970-01-01,2099-12-31,
57883,0,MIMIC4_ED,Emtricitabine-Tenofovir 1TAB TAB,36882760,RxNorm Extension,1970-01-01,2099-12-31,
57883,0,MIMIC4_ED,Emtricitabine-Tenofovir 200-300mg,40124350,RxNorm,1970-01-01,2099-12-31,
75812,0,MIMIC4_ED,Emtricitabine-Tenofovir alafen (Descovy),35604228,RxNorm,1970-01-01,2099-12-31,
387,0,MIMIC4_ED,Enalapril Maleate,40165755,RxNorm,1970-01-01,2099-12-31,
387,0,MIMIC4_ED,Enalapril Maleate 5mg TAB,1341998,RxNorm,1970-01-01,2099-12-31,
383,0,MIMIC4_ED,Enalaprilat,1342001,RxNorm,1970-01-01,2099-12-31,
27993,0,MIMIC4_ED,Enoxaparin Sodium,40160947,RxNorm,1970-01-01,2099-12-31,
27993,0,MIMIC4_ED,Enoxaparin Sodium 60mg SYR,19111985,RxNorm,1970-01-01,2099-12-31,
16879,0,MIMIC4_ED,EPINEPHrin 0.3mg/0.3mL 0.3mL PEN,1343916,RxNorm,1970-01-01,2099-12-31,
4931,0,MIMIC4_ED,EPINEPHrine,1343916,RxNorm,1970-01-01,2099-12-31,
4934,0,MIMIC4_ED,EPINEPHrine (B 1mg/10mL 10mL SYR,1343916,RxNorm,1970-01-01,2099-12-31,
4934,0,MIMIC4_ED,EPINEPHrine (Bristojet),1343916,RxNorm,1970-01-01,2099-12-31,
4931,0,MIMIC4_ED,EPINEPHrine (for dil 2mg/2mL 2mL,1343916,RxNorm,1970-01-01,2099-12-31,
4931,0,MIMIC4_ED,EPINEPHrine (for dilution),1343916,RxNorm,1970-01-01,2099-12-31,
4934,0,MIMIC4_ED,EPINEPHrine 1mg/10mL 10mL SYR,1343916,RxNorm,1970-01-01,2099-12-31,
4931,0,MIMIC4_ED,EPINEPHrine 1mg/1mL 1mL AMP,1343916,RxNorm,1970-01-01,2099-12-31,
16879,0,MIMIC4_ED,EPINEPHrine Auto Injector,1343916,RxNorm,1970-01-01,2099-12-31,
0,0,MIMIC4_ED,EPINEPHrine Kit,1343916,RxNorm,1970-01-01,2099-12-31,
39892,0,MIMIC4_ED,Eptifibatid 20mg/10mL 10mL VIAL*,1322199,RxNorm,1970-01-01,2099-12-31,
39892,0,MIMIC4_ED,Eptifibatide,1322199,RxNorm,1970-01-01,2099-12-31,
39891,0,MIMIC4_ED,Eptifibatide 75mg BTL,1322199,RxNorm,1970-01-01,2099-12-31,
9263,0,MIMIC4_ED,Erythromycin,1746940,RxNorm,1970-01-01,2099-12-31,
7948,0,MIMIC4_ED,Erythromycin 0.5% Ophth 1g TUBE,1746940,RxNorm,1970-01-01,2099-12-31,
7948,0,MIMIC4_ED,Erythromycin 0.5% Ophth Oint,1746940,RxNorm,1970-01-01,2099-12-31,
9263,0,MIMIC4_ED,Erythromycin 250mg TAB,1746940,RxNorm,1970-01-01,2099-12-31,
50712,0,MIMIC4_ED,Escitalopram Oxalate,43288155,RxNorm Extension,1970-01-01,2099-12-31,
50712,0,MIMIC4_ED,Escitalopram Oxalate 10mg TAB,715940,RxNorm,1970-01-01,2099-12-31,
52014,0,MIMIC4_ED,Esmolol,19063575,RxNorm,1970-01-01,2099-12-31,
52014,0,MIMIC4_ED,Esmolol 2000mg/100mL 100mL Bag,19063575,RxNorm,1970-01-01,2099-12-31,
7397,0,MIMIC4_ED,Ethyl Chloride,950316,RxNorm,1970-01-01,2099-12-31,
7397,0,MIMIC4_ED,Ethyl Chloride 100% Sp 3.5oz CAN,950316,RxNorm,1970-01-01,2099-12-31,
7397,0,MIMIC4_ED,Ethyl Chloride 100% Spray,950316,RxNorm,1970-01-01,2099-12-31,
3563,0,MIMIC4_ED,Etomidate,19050488,RxNorm,1970-01-01,2099-12-31,
3563,0,MIMIC4_ED,Etomidate 20mg/10mL 10mL INJ,19050488,RxNorm,1970-01-01,2099-12-31,
3563,0,MIMIC4_ED,Etomidate 20mg/10mL 10mL VIAL,19050488,RxNorm,1970-01-01,2099-12-31,
24933,0,MIMIC4_ED,Factor 9 Complex  (1010 Units),35602783,RxNorm,1970-01-01,2099-12-31,
24933,0,MIMIC4_ED,Factor 9 Complex  (1100 Units),35602783,RxNorm,1970-01-01,2099-12-31,
24933,0,MIMIC4_ED,Factor 9 Complex  (1140 Units),35602783,RxNorm,1970-01-01,2099-12-31,
24933,0,MIMIC4_ED,Factor 9 Complex  (930 Units),35602783,RxNorm,1970-01-01,2099-12-31,
24933,0,MIMIC4_ED,Factor 9 Complex  (970 Units),35602783,RxNorm,1970-01-01,2099-12-31,
24933,0,MIMIC4_ED,Factor 9 Complex  (980 Units),35602783,RxNorm,1970-01-01,2099-12-31,
21732,0,MIMIC4_ED,Famotidine,953076,RxNorm,1970-01-01,2099-12-31,
11677,0,MIMIC4_ED,Famotidine (PO),953076,RxNorm,1970-01-01,2099-12-31,
11677,0,MIMIC4_ED,Famotidine (PO) 20mg TAB,953076,RxNorm,1970-01-01,2099-12-31,
21732,0,MIMIC4_ED,Famotidine 20mg/50mL 50mL BAG,953076,RxNorm,1970-01-01,2099-12-31,
6375,0,MIMIC4_ED,Fat Emulsion 20 %,43013653,RxNorm,1970-01-01,2099-12-31,
6375,0,MIMIC4_ED,Fat Emulsion 20 % 500mL Bag,43013653,RxNorm,1970-01-01,2099-12-31,
41384,0,MIMIC4_ED,Fentanyl,1154029,RxNorm,1970-01-01,2099-12-31,
0,0,MIMIC4_ED,Fentanyl (Pharmac 2.5mg 50mL Bag,1154029,RxNorm,1970-01-01,2099-12-31,
41384,0,MIMIC4_ED,Fentanyl 100mcg/2mL 2mL AMP,1154029,RxNorm,1970-01-01,2099-12-31,
41385,0,MIMIC4_ED,Fentanyl 2.5mg 50mL Bag,1154029,RxNorm,1970-01-01,2099-12-31,
41384,0,MIMIC4_ED,Fentanyl Citr 100mcg/2mL 2mL AMP,1154029,RxNorm,1970-01-01,2099-12-31,
41384,0,MIMIC4_ED,Fentanyl Citrate,42971807,RxNorm Extension,1970-01-01,2099-12-31,
15883,0,MIMIC4_ED,Fentanyl Patch,1154029,RxNorm,1970-01-01,2099-12-31,
59102,0,MIMIC4_ED,Fentanyl Patch *NF* 12MCG/H PTC,1154029,RxNorm,1970-01-01,2099-12-31,
15883,0,MIMIC4_ED,Fentanyl Patch 100mcg/h PTC,1154029,RxNorm,1970-01-01,2099-12-31,
59102,0,MIMIC4_ED,Fentanyl Patch 12MCG/H PTC,1154029,RxNorm,1970-01-01,2099-12-31,
15880,0,MIMIC4_ED,Fentanyl Patch 25mcg/h PTC,1154029,RxNorm,1970-01-01,2099-12-31,
15881,0,MIMIC4_ED,Fentanyl Patch 50mcg/h PTC,1154029,RxNorm,1970-01-01,2099-12-31,
15881,0,MIMIC4_ED,Fentanyl Patch 75mcg/h PTC,1154029,RxNorm,1970-01-01,2099-12-31,
1645,0,MIMIC4_ED,Ferrous Sulfate,1396131,RxNorm,1970-01-01,2099-12-31,
1645,0,MIMIC4_ED,Ferrous Sulfate 325mg TAB,19084040,RxNorm,1970-01-01,2099-12-31,
41440,0,MIMIC4_ED,Finasteride,996416,RxNorm,1970-01-01,2099-12-31,
41440,0,MIMIC4_ED,Finasteride 5mg TAB,996416,RxNorm,1970-01-01,2099-12-31,
22141,0,MIMIC4_ED,Fluconazole,1754994,RxNorm,1970-01-01,2099-12-31,
22141,0,MIMIC4_ED,Fluconazole 150mg TAB,1754994,RxNorm,1970-01-01,2099-12-31,
16593,0,MIMIC4_ED,Flumazenil,19055153,RxNorm,1970-01-01,2099-12-31,
16593,0,MIMIC4_ED,Flumazenil 0.5mg/5mL 5mL VIAL,19055153,RxNorm,1970-01-01,2099-12-31,
48624,0,MIMIC4_ED,Fluorescein 0.25%-Proparacaine 0.5%,42706472,RxNorm,1970-01-01,2099-12-31,
48624,0,MIMIC4_ED,Fluorescein 0.5%-Propar 5mL DBTL,996625,RxNorm,1970-01-01,2099-12-31,
48624,0,MIMIC4_ED,Fluorescein 0.5%-Proparacaine 0.25%,44091800,RxNorm Extension,1970-01-01,2099-12-31,
6834,0,MIMIC4_ED,Fluorescein Strip,996625,RxNorm,1970-01-01,2099-12-31,
6834,0,MIMIC4_ED,Fluorescein Strip STRP,996625,RxNorm,1970-01-01,2099-12-31,
46213,0,MIMIC4_ED,FLUoxetine,755695,RxNorm,1970-01-01,2099-12-31,
46213,0,MIMIC4_ED,Fluoxetine,755695,RxNorm,1970-01-01,2099-12-31,
46213,0,MIMIC4_ED,FLUoxetine 10mg CAP,755695,RxNorm,1970-01-01,2099-12-31,
46214,0,MIMIC4_ED,FLUoxetine 20mg CAP,755695,RxNorm,1970-01-01,2099-12-31,
3824,0,MIMIC4_ED,Fluphenazine,756018,RxNorm,1970-01-01,2099-12-31,
3824,0,MIMIC4_ED,Fluphenazine 10mg TAB,756018,RxNorm,1970-01-01,2099-12-31,
21251,0,MIMIC4_ED,Fluticasone Propionate 110m INH*,40171044,RxNorm,1970-01-01,2099-12-31,
21251,0,MIMIC4_ED,Fluticasone Propionate 110mcg,42903220,RxNorm,1970-01-01,2099-12-31,
2362,0,MIMIC4_ED,FoLIC Acid,19111620,RxNorm,1970-01-01,2099-12-31,
2366,0,MIMIC4_ED,FoLIC Acid 1mg TAB,19111620,RxNorm,1970-01-01,2099-12-31,
37000,0,MIMIC4_ED,Fomepizol 1.5gm/1.5mL 1.5mL VIAL,19022479,RxNorm,1970-01-01,2099-12-31,
37000,0,MIMIC4_ED,Fomepizole,19022479,RxNorm,1970-01-01,2099-12-31,
8205,0,MIMIC4_ED,Furosemide,956874,RxNorm,1970-01-01,2099-12-31,
8205,0,MIMIC4_ED,Furosemide 100mg/10mL 10mL VIAL,956874,RxNorm,1970-01-01,2099-12-31,
8208,0,MIMIC4_ED,Furosemide 20mg TAB,956874,RxNorm,1970-01-01,2099-12-31,
8209,0,MIMIC4_ED,Furosemide 40mg TAB,956874,RxNorm,1970-01-01,2099-12-31,
8205,0,MIMIC4_ED,Furosemide 40mg/4mL 4mL VIAL,956874,RxNorm,1970-01-01,2099-12-31,
21414,0,MIMIC4_ED,Gabapentin,797399,RxNorm,1970-01-01,2099-12-31,
21413,0,MIMIC4_ED,Gabapentin 100mg CAP,797399,RxNorm,1970-01-01,2099-12-31,
21414,0,MIMIC4_ED,Gabapentin 300mg CAP,19077548,RxNorm,1970-01-01,2099-12-31,
8270,0,MIMIC4_ED,Gastroview (Diatrizoate 30mL BTL,19022596,RxNorm,1970-01-01,2099-12-31,
8270,0,MIMIC4_ED,Gastroview (Diatrizoate Meglumine \\T\\ Sodium),19125279,RxNorm,1970-01-01,2099-12-31,
8270,0,MIMIC4_ED,Gastroview (Diatrizoate Meglumine & Sodium),19022596,RxNorm,1970-01-01,2099-12-31,
9291,0,MIMIC4_ED,Gentamicin,45892419,RxNorm,1970-01-01,2099-12-31,
9291,0,MIMIC4_ED,Gentamicin (Premix),45892419,RxNorm,1970-01-01,2099-12-31,
9291,0,MIMIC4_ED,Gentamicin (Premix) 80mg BAG,45892419,RxNorm,1970-01-01,2099-12-31,
1777,0,MIMIC4_ED,GlipiZIDE,1560171,RxNorm,1970-01-01,2099-12-31,
1777,0,MIMIC4_ED,GlipiZIDE 5mg TAB,1560171,RxNorm,1970-01-01,2099-12-31,
41660,0,MIMIC4_ED,Glucagon,1560278,RxNorm,1970-01-01,2099-12-31,
41660,0,MIMIC4_ED,Glucagon 1mg VIAL,1560278,RxNorm,1970-01-01,2099-12-31,
1775,0,MIMIC4_ED,GlyBURIDE,1559684,RxNorm,1970-01-01,2099-12-31,
1775,0,MIMIC4_ED,GlyBURIDE 5mg TAB,1559684,RxNorm,1970-01-01,2099-12-31,
3062,0,MIMIC4_ED,Golytely,1594640,RxNorm,1970-01-01,2099-12-31,
3062,0,MIMIC4_ED,Golytely 4L BTL,1594640,RxNorm,1970-01-01,2099-12-31,
759,0,MIMIC4_ED,Guaifenesin,1163944,RxNorm,1970-01-01,2099-12-31,
759,0,MIMIC4_ED,GuaiFENesin,1163944,RxNorm,1970-01-01,2099-12-31,
759,0,MIMIC4_ED,GuaiFENesin 10mL CUP,1163944,RxNorm,1970-01-01,2099-12-31,
45669,0,MIMIC4_ED,GuaiFENesin-CODEINE P 10mL UDCUP,40029537,RxNorm,1970-01-01,2099-12-31,
45667,0,MIMIC4_ED,Guaifenesin-Codeine Phosphate,40221590,RxNorm,1970-01-01,2099-12-31,
45669,0,MIMIC4_ED,Guaifenesin-CODEINE Phosphate,40221590,RxNorm,1970-01-01,2099-12-31,
45669,0,MIMIC4_ED,GuaiFENesin-CODEINE Phosphate,40221590,RxNorm,1970-01-01,2099-12-31,
16414,0,MIMIC4_ED,GuaiFENesin-Dextrometho 10mL CUP,40036170,RxNorm,1970-01-01,2099-12-31,
16414,0,MIMIC4_ED,GuaiFENesin-Dextromethorphan,40036170,RxNorm,1970-01-01,2099-12-31,
16414,0,MIMIC4_ED,Guaifenesin-Dextromethorphan,40036170,RxNorm,1970-01-01,2099-12-31,
3968,0,MIMIC4_ED,Haloperidol,766529,RxNorm,1970-01-01,2099-12-31,
3973,0,MIMIC4_ED,Haloperidol 1mg TAB,766529,RxNorm,1970-01-01,2099-12-31,
3977,0,MIMIC4_ED,Haloperidol 5mg TAB,19081397,RxNorm,1970-01-01,2099-12-31,
3968,0,MIMIC4_ED,Haloperidol 5mg/1mL 1mL VIAL,766529,RxNorm,1970-01-01,2099-12-31,
6522,0,MIMIC4_ED,Hepari 25000UNIT/250mL 250mL BAG,1367571,RxNorm,1970-01-01,2099-12-31,
60304,0,MIMIC4_ED,Heparin Flush (10 Units/ 5mL SYR,1367571,RxNorm,1970-01-01,2099-12-31,
60304,0,MIMIC4_ED,Heparin Flush (10 Units/mL),1367571,RxNorm,1970-01-01,2099-12-31,
6532,0,MIMIC4_ED,Heparin Flush 100 Unit / 5mL SYR,1367571,RxNorm,1970-01-01,2099-12-31,
6532,0,MIMIC4_ED,Heparin Flush 100 Unit / mL,1367571,RxNorm,1970-01-01,2099-12-31,
6549,0,MIMIC4_ED,Heparin So 5000UNIT/1mL 1mL VIAL,1367571,RxNorm,1970-01-01,2099-12-31,
6522,0,MIMIC4_ED,Heparin Sodium,35884360,RxNorm Extension,1970-01-01,2099-12-31,
69570,0,MIMIC4_ED,Heparin Sodium (NS),35884360,RxNorm Extension,1970-01-01,2099-12-31,
0,0,MIMIC4_ED,Hepatitis B Vacc Adult Do 2 Pack,528323,RxNorm,1970-01-01,2099-12-31,
0,0,MIMIC4_ED,Hepatitis B Vacc Adult Dose,528323,RxNorm,1970-01-01,2099-12-31,
283,0,MIMIC4_ED,HydrALAZINE,1373928,RxNorm,1970-01-01,2099-12-31,
283,0,MIMIC4_ED,HydrALAzine,1373928,RxNorm,1970-01-01,2099-12-31,
283,0,MIMIC4_ED,HydrALAZINE 20mg/1mL 1mL VIAL,1373928,RxNorm,1970-01-01,2099-12-31,
286,0,MIMIC4_ED,HydrALAZINE 25mg TAB,1373928,RxNorm,1970-01-01,2099-12-31,
8182,0,MIMIC4_ED,Hydrochlorothiazide,974166,RxNorm,1970-01-01,2099-12-31,
8182,0,MIMIC4_ED,Hydrochlorothiazide 25mg TAB,974166,RxNorm,1970-01-01,2099-12-31,
47430,0,MIMIC4_ED,Hydrocodone-Acetamin(5m 1TAB TAB,40002706,RxNorm,1970-01-01,2099-12-31,
47430,0,MIMIC4_ED,Hydrocodone-Acetamin(5mg-325mg),40002706,RxNorm,1970-01-01,2099-12-31,
4204,0,MIMIC4_ED,Hydrocodone-Acetaminophen,40002706,RxNorm,1970-01-01,2099-12-31,
6696,0,MIMIC4_ED,Hydrocortison 100mg/2mL 2mL VIAL,975125,RxNorm,1970-01-01,2099-12-31,
6696,0,MIMIC4_ED,Hydrocortisone Na Succinate,975125,RxNorm,1970-01-01,2099-12-31,
62823,0,MIMIC4_ED,HYDROmorphone (D 1mg/1mL 1mL SYR,1126658,RxNorm,1970-01-01,2099-12-31,
4103,0,MIMIC4_ED,HYDROmorphone (D 2mg/1mL 1mL SYR,1126658,RxNorm,1970-01-01,2099-12-31,
4110,0,MIMIC4_ED,HYDROmorphone (Dilaudid),40051251,RxNorm,1970-01-01,2099-12-31,
4110,0,MIMIC4_ED,HYDROmorphone (Dilaudid) 2mg TAB,40051251,RxNorm,1970-01-01,2099-12-31,
4102,0,MIMIC4_ED,HYDROmorphone (i 1mg/1mL 1mL SYR,1126658,RxNorm,1970-01-01,2099-12-31,
0,0,MIMIC4_ED,HYDROmorphone (Ph 20mg 100mL BAG,1126658,RxNorm,1970-01-01,2099-12-31,
16156,0,MIMIC4_ED,HYDROmorphone Or 1mg/1mL 1mL SYR,1126658,RxNorm,1970-01-01,2099-12-31,
16156,0,MIMIC4_ED,HYDROmorphone Oral Soln,40051248,RxNorm,1970-01-01,2099-12-31,
3728,0,MIMIC4_ED,HydrOXYzine,777221,RxNorm,1970-01-01,2099-12-31,
3728,0,MIMIC4_ED,HydrOXYzine 25mg TAB,777221,RxNorm,1970-01-01,2099-12-31,
8348,0,MIMIC4_ED,Ibuprofen,1177480,RxNorm,1970-01-01,2099-12-31,
8348,0,MIMIC4_ED,Ibuprofen 400mg TAB,1177480,RxNorm,1970-01-01,2099-12-31,
8349,0,MIMIC4_ED,Ibuprofen 600mg TAB,1177480,RxNorm,1970-01-01,2099-12-31,
64564,0,MIMIC4_ED,Icatibant,40242044,RxNorm,1970-01-01,2099-12-31,
74987,0,MIMIC4_ED,IdaruCIZUMAB,35602981,RxNorm,1970-01-01,2099-12-31,
74987,0,MIMIC4_ED,IdaruCIZUMAB 5g/2Vial 2VIAL KIT,35602981,RxNorm,1970-01-01,2099-12-31,
47780,0,MIMIC4_ED,Insulin Glargine,1502905,RxNorm,1970-01-01,2099-12-31,
27413,0,MIMIC4_ED,Insulin HumaLOG,1567198,RxNorm,1970-01-01,2099-12-31,
16311,0,MIMIC4_ED,Insulin Human 70/30,1596976,RxNorm,1970-01-01,2099-12-31,
1740,0,MIMIC4_ED,Insulin Human NPH,1567198,RxNorm,1970-01-01,2099-12-31,
1723,0,MIMIC4_ED,Insulin Human Regular,21047409,RxNorm Extension,1970-01-01,2099-12-31,
47172,0,MIMIC4_ED,Insulin Lispro 75/25,44091674,RxNorm Extension,1970-01-01,2099-12-31,
175,0,MIMIC4_ED,Ipratropium Bromide HFA,1113075,RxNorm,1970-01-01,2099-12-31,
175,0,MIMIC4_ED,Ipratropium Bromide HFA MDI,1112921,RxNorm,1970-01-01,2099-12-31,
21700,0,MIMIC4_ED,Ipratropium Bromide Neb,1113075,RxNorm,1970-01-01,2099-12-31,
21700,0,MIMIC4_ED,Ipratropium Bromide Neb 1Neb,1113075,RxNorm,1970-01-01,2099-12-31,
48018,0,MIMIC4_ED,Ipratropium-Albuterol N 1NEB NEB,1356123,RxNorm,1970-01-01,2099-12-31,
48018,0,MIMIC4_ED,Ipratropium-Albuterol Neb,1356123,RxNorm,1970-01-01,2099-12-31,
507,0,MIMIC4_ED,Isosorbide Dinitrate,1383925,RxNorm,1970-01-01,2099-12-31,
507,0,MIMIC4_ED,Isosorbide Dinitrate 10mg TAB,1383925,RxNorm,1970-01-01,2099-12-31,
24488,0,MIMIC4_ED,Isosorbide Mononitrate (Extended,1383867,RxNorm,1970-01-01,2099-12-31,
24488,0,MIMIC4_ED,Isosorbide Mononitrate 30mg TAB,19100674,RxNorm,1970-01-01,2099-12-31,
70978,0,MIMIC4_ED,Kcentra,44785018,RxNorm,1970-01-01,2099-12-31,
70978,0,MIMIC4_ED,Kcentra 497Units VIAL,44785018,RxNorm,1970-01-01,2099-12-31,
70978,0,MIMIC4_ED,Kcentra 498Units VIAL,44785018,RxNorm,1970-01-01,2099-12-31,
70978,0,MIMIC4_ED,Kcentra 520Units VIAL,44785018,RxNorm,1970-01-01,2099-12-31,
70978,0,MIMIC4_ED,Kcentra 522Units VIAL,44785018,RxNorm,1970-01-01,2099-12-31,
70978,0,MIMIC4_ED,Kcentra 523Units VIAL,44785018,RxNorm,1970-01-01,2099-12-31,
70978,0,MIMIC4_ED,Kcentra 525Units VIAL,44785018,RxNorm,1970-01-01,2099-12-31,
70978,0,MIMIC4_ED,Kcentra 526Units VIAL,44785018,RxNorm,1970-01-01,2099-12-31,
70978,0,MIMIC4_ED,Kcentra 528Units VIAL,44785018,RxNorm,1970-01-01,2099-12-31,
70978,0,MIMIC4_ED,Kcentra 530Units VIAL,35602742,RxNorm,1970-01-01,2099-12-31,
70978,0,MIMIC4_ED,Kcentra 543Units VIAL,44785018,RxNorm,1970-01-01,2099-12-31,
70978,0,MIMIC4_ED,Kcentra 575Units VIAL,44785018,RxNorm,1970-01-01,2099-12-31,
70978,0,MIMIC4_ED,Kcentra 591Units VIAL,35602742,RxNorm,1970-01-01,2099-12-31,
3566,0,MIMIC4_ED,Ketamine,785649,RxNorm,1970-01-01,2099-12-31,
0,0,MIMIC4_ED,Ketamine (Ba 100mg/50mL 50mL BAG,785649,RxNorm,1970-01-01,2099-12-31,
0,0,MIMIC4_ED,Ketamine (Bag),785649,RxNorm,1970-01-01,2099-12-31,
0,0,MIMIC4_ED,Ketamine (Pharm 20mg/2mL 2mL SYR,785649,RxNorm,1970-01-01,2099-12-31,
3565,0,MIMIC4_ED,Ketamine 200mg/20mL 20mL Vial,785649,RxNorm,1970-01-01,2099-12-31,
0,0,MIMIC4_ED,Ketamine 20mg/2mL 2mL SYR,785649,RxNorm,1970-01-01,2099-12-31,
0,0,MIMIC4_ED,Ketamine 30mg/3mL 3mL SYR,785649,RxNorm,1970-01-01,2099-12-31,
3566,0,MIMIC4_ED,Ketamine 500mg/5mL 5mL Vial,785649,RxNorm,1970-01-01,2099-12-31,
39500,0,MIMIC4_ED,Ketorolac,1136980,RxNorm,1970-01-01,2099-12-31,
23190,0,MIMIC4_ED,Ketorolac 15mg/1mL 1mL VIAL,1136980,RxNorm,1970-01-01,2099-12-31,
39500,0,MIMIC4_ED,Ketorolac 30mg/1mL 1mL VIAL,1136980,RxNorm,1970-01-01,2099-12-31,
5097,0,MIMIC4_ED,Labetalol,1386957,RxNorm,1970-01-01,2099-12-31,
5098,0,MIMIC4_ED,Labetalol 100mg TAB,1386957,RxNorm,1970-01-01,2099-12-31,
5097,0,MIMIC4_ED,Labetalol 100mg/20mL 20mL VIAL,1386957,RxNorm,1970-01-01,2099-12-31,
64432,0,MIMIC4_ED,LACOSamide,19087394,RxNorm,1970-01-01,2099-12-31,
64437,0,MIMIC4_ED,LACOsamide,19087394,RxNorm,1970-01-01,2099-12-31,
0,0,MIMIC4_ED,LACOsamide 100mg/100mL 100mL Bag,19087394,RxNorm,1970-01-01,2099-12-31,
0,0,MIMIC4_ED,LACOsamide 150mg/100mL 100mL Bag,19087394,RxNorm,1970-01-01,2099-12-31,
64435,0,MIMIC4_ED,LACOSamide 200mg TAB,19087394,RxNorm,1970-01-01,2099-12-31,
64435,0,MIMIC4_ED,LACOsamide 200mg TAB,19087394,RxNorm,1970-01-01,2099-12-31,
0,0,MIMIC4_ED,LACOsamide 200mg/100mL 100mL Bag,19087394,RxNorm,1970-01-01,2099-12-31,
64437,0,MIMIC4_ED,LACOsamide 200mg/20mL 20mL Vial,19087394,RxNorm,1970-01-01,2099-12-31,
64432,0,MIMIC4_ED,LACOsamide 50mg TAB,19087394,RxNorm,1970-01-01,2099-12-31,
64432,0,MIMIC4_ED,LACOSamide 50mg TAB,19087394,RxNorm,1970-01-01,2099-12-31,
66386,0,MIMIC4_ED,LACOsamide O 100mg/10mL 10mL SYR,19087394,RxNorm,1970-01-01,2099-12-31,
3067,0,MIMIC4_ED,Lactulose,987245,RxNorm,1970-01-01,2099-12-31,
3067,0,MIMIC4_ED,Lactulose 30mL UDCUP,987245,RxNorm,1970-01-01,2099-12-31,
34186,0,MIMIC4_ED,LamiVUDine-Zidovudine ( 1TAB TAB,44082744,RxNorm Extension,1970-01-01,2099-12-31,
34186,0,MIMIC4_ED,LamiVUDINE-Zidovudine ( 1TAB TAB,44082744,RxNorm Extension,1970-01-01,2099-12-31,
34186,0,MIMIC4_ED,LaMIVudine-Zidovudine (Combivir),40051162,RxNorm,1970-01-01,2099-12-31,
34186,0,MIMIC4_ED,LamiVUDine-Zidovudine (Combivir),40051162,RxNorm,1970-01-01,2099-12-31,
17872,0,MIMIC4_ED,LaMOTrigine,705103,RxNorm,1970-01-01,2099-12-31,
17871,0,MIMIC4_ED,LamoTRIgine,705103,RxNorm,1970-01-01,2099-12-31,
17871,0,MIMIC4_ED,LamoTRIgine 100mg TAB,705103,RxNorm,1970-01-01,2099-12-31,
17872,0,MIMIC4_ED,LamoTRIgine 25mg TAB,705103,RxNorm,1970-01-01,2099-12-31,
51654,0,MIMIC4_ED,Lansoprazole  Disin 30mg SoluTab,929887,RxNorm,1970-01-01,2099-12-31,
0,0,MIMIC4_ED,Ledipasvir/Sofosbuvir,45775026,RxNorm,1970-01-01,2099-12-31,
0,0,MIMIC4_ED,Ledipasvir/Sofosbuvir 1TAB TAB,45775026,RxNorm,1970-01-01,2099-12-31,
0,0,MIMIC4_ED,LevETIRAce 500mg/100mL 100mL MBP,19085062,RxNorm,1970-01-01,2099-12-31,
0,0,MIMIC4_ED,LeVETirace 500mg/100mL 100mL MBP,711584,RxNorm,1970-01-01,2099-12-31,
44633,0,MIMIC4_ED,LeVETiracetam,711584,RxNorm,1970-01-01,2099-12-31,
44633,0,MIMIC4_ED,LevETIRAcetam,711584,RxNorm,1970-01-01,2099-12-31,
44633,0,MIMIC4_ED,LevETIRAcetam 500mg TAB,711584,RxNorm,1970-01-01,2099-12-31,
44633,0,MIMIC4_ED,LeVETiracetam 500mg TAB,711584,RxNorm,1970-01-01,2099-12-31,
29929,0,MIMIC4_ED,Levofloxac 500mg/100mL 100mL BAG,1742253,RxNorm,1970-01-01,2099-12-31,
46770,0,MIMIC4_ED,Levofloxac 750mg/150mL 150mL BAG,1742253,RxNorm,1970-01-01,2099-12-31,
46770,0,MIMIC4_ED,Levofloxacin,1742253,RxNorm,1970-01-01,2099-12-31,
29927,0,MIMIC4_ED,LevoFLOXacin,1742253,RxNorm,1970-01-01,2099-12-31,
29927,0,MIMIC4_ED,Levofloxacin 250mg TAB,1742253,RxNorm,1970-01-01,2099-12-31,
29928,0,MIMIC4_ED,Levofloxacin 500mg TAB,1742253,RxNorm,1970-01-01,2099-12-31,
43899,0,MIMIC4_ED,Levonorgestrel,1589505,RxNorm,1970-01-01,2099-12-31,
43899,0,MIMIC4_ED,Levonorgestrel 1.5mg Tab,1589505,RxNorm,1970-01-01,2099-12-31,
6648,0,MIMIC4_ED,Levothyroxine Sodium,40169798,RxNorm,1970-01-01,2099-12-31,
6651,0,MIMIC4_ED,Levothyroxine Sodium 100mcg TAB,40169766,RxNorm,1970-01-01,2099-12-31,
6648,0,MIMIC4_ED,Levothyroxine Sodium 25mcg TAB,40175174,RxNorm,1970-01-01,2099-12-31,
15523,0,MIMIC4_ED,Levothyroxine Sodium 88mcg TAB,40174907,RxNorm,1970-01-01,2099-12-31,
246,0,MIMIC4_ED,Lidocaine,989878,RxNorm,1970-01-01,2099-12-31,
253,0,MIMIC4_ED,Lidocaine (Bri 100mg/5mL 5mL SYR,989878,RxNorm,1970-01-01,2099-12-31,
253,0,MIMIC4_ED,Lidocaine (Bristojet),989878,RxNorm,1970-01-01,2099-12-31,
3404,0,MIMIC4_ED,Lidocaine 1%,989878,RxNorm,1970-01-01,2099-12-31,
3404,0,MIMIC4_ED,Lidocaine 1% 10mL VIAL,989878,RxNorm,1970-01-01,2099-12-31,
3404,0,MIMIC4_ED,Lidocaine 1% 20mL VIAL,989878,RxNorm,1970-01-01,2099-12-31,
3404,0,MIMIC4_ED,Lidocaine 1% P.F.,989878,RxNorm,1970-01-01,2099-12-31,
3404,0,MIMIC4_ED,Lidocaine 1% P.F. 30mL VIAL,989878,RxNorm,1970-01-01,2099-12-31,
3388,0,MIMIC4_ED,Lidocaine 1%/Epi 1::100 20mL Vial,989878,RxNorm,1970-01-01,2099-12-31,
3388,0,MIMIC4_ED,Lidocaine 1%/Epi 1::100 30mL Vial,989878,RxNorm,1970-01-01,2099-12-31,
3388,0,MIMIC4_ED,Lidocaine 1%/Epi 1::100 50mL VIAL,989878,RxNorm,1970-01-01,2099-12-31,
3388,0,MIMIC4_ED,"Lidocaine 1%/Epi 1::100,000",989878,RxNorm,1970-01-01,2099-12-31,
3388,0,MIMIC4_ED,"Lidocaine 1%/Epi 1:100,000",989878,RxNorm,1970-01-01,2099-12-31,
253,0,MIMIC4_ED,Lidocaine 100mg/5mL 5mL SYR,989878,RxNorm,1970-01-01,2099-12-31,
3405,0,MIMIC4_ED,Lidocaine 2%,989878,RxNorm,1970-01-01,2099-12-31,
3405,0,MIMIC4_ED,Lidocaine 2% 20mL VIAL,989878,RxNorm,1970-01-01,2099-12-31,
3389,0,MIMIC4_ED,Lidocaine 2%/Epi 1::100 20mL VIAL,989878,RxNorm,1970-01-01,2099-12-31,
3389,0,MIMIC4_ED,"Lidocaine 2%/Epi 1::100,000",989878,RxNorm,1970-01-01,2099-12-31,
3389,0,MIMIC4_ED,"Lidocaine 2%/Epi 1:100,000",989878,RxNorm,1970-01-01,2099-12-31,
246,0,MIMIC4_ED,Lidocaine 2000mg 500mL BAG,989878,RxNorm,1970-01-01,2099-12-31,
41645,0,MIMIC4_ED,Lidocaine 4% (PF),989878,RxNorm,1970-01-01,2099-12-31,
43256,0,MIMIC4_ED,Lidocaine 5% Patch,989878,RxNorm,1970-01-01,2099-12-31,
43256,0,MIMIC4_ED,Lidocaine 5% Patch 1PTCH PTCH,989878,RxNorm,1970-01-01,2099-12-31,
3407,0,MIMIC4_ED,Lidocaine Jelly 2%,989878,RxNorm,1970-01-01,2099-12-31,
38861,0,MIMIC4_ED,Lidocaine Jelly 2% (Glyd 6mL SYR,989878,RxNorm,1970-01-01,2099-12-31,
38861,0,MIMIC4_ED,Lidocaine Jelly 2% (Glydo),989878,RxNorm,1970-01-01,2099-12-31,
3407,0,MIMIC4_ED,Lidocaine Jelly 2% (Uro 5mL UJET,989878,RxNorm,1970-01-01,2099-12-31,
3407,0,MIMIC4_ED,Lidocaine Jelly 2% (Urojet),989878,RxNorm,1970-01-01,2099-12-31,
3407,0,MIMIC4_ED,Lidocaine Jelly 2% 5mL TUBE,989878,RxNorm,1970-01-01,2099-12-31,
3412,0,MIMIC4_ED,Lidocaine Topical 4%,989878,RxNorm,1970-01-01,2099-12-31,
3412,0,MIMIC4_ED,Lidocaine Topical 4% 50mL SOLN,989878,RxNorm,1970-01-01,2099-12-31,
3411,0,MIMIC4_ED,Lidocaine Viscous 2%,989878,RxNorm,1970-01-01,2099-12-31,
3411,0,MIMIC4_ED,Lidocaine Viscous 2% 15mL UDCUP,989878,RxNorm,1970-01-01,2099-12-31,
391,0,MIMIC4_ED,Lisinopril,1308216,RxNorm,1970-01-01,2099-12-31,
391,0,MIMIC4_ED,Lisinopril 20mg TAB,1308216,RxNorm,1970-01-01,2099-12-31,
393,0,MIMIC4_ED,Lisinopril 5mg TAB,1308216,RxNorm,1970-01-01,2099-12-31,
4001,0,MIMIC4_ED,Lithium Carbonate,751246,RxNorm,1970-01-01,2099-12-31,
4000,0,MIMIC4_ED,Lithium Carbonate 150mg CAP,751246,RxNorm,1970-01-01,2099-12-31,
4001,0,MIMIC4_ED,Lithium Carbonate 300mg CAP,751246,RxNorm,1970-01-01,2099-12-31,
2842,0,MIMIC4_ED,LOPERamide,991876,RxNorm,1970-01-01,2099-12-31,
2842,0,MIMIC4_ED,Loperamide,991876,RxNorm,1970-01-01,2099-12-31,
2842,0,MIMIC4_ED,LOPERamide 2mg CAP,991876,RxNorm,1970-01-01,2099-12-31,
59972,0,MIMIC4_ED,Lopinavir-Ritonavir,1748921,RxNorm,1970-01-01,2099-12-31,
59972,0,MIMIC4_ED,Lopinavir-Ritonavir 200 1TAB TAB,1738170,RxNorm,1970-01-01,2099-12-31,
59972,0,MIMIC4_ED,Lopinavir-Ritonavir 200 1TAB TAB,1748921,RxNorm,1970-01-01,2099-12-31,
18698,0,MIMIC4_ED,Loratadine,1107830,RxNorm,1970-01-01,2099-12-31,
18698,0,MIMIC4_ED,Loratadine 10mg TAB,1107830,RxNorm,1970-01-01,2099-12-31,
3758,0,MIMIC4_ED,Lorazepam,791967,RxNorm,1970-01-01,2099-12-31,
3758,0,MIMIC4_ED,LORazepam,791967,RxNorm,1970-01-01,2099-12-31,
3757,0,MIMIC4_ED,LORazepam 0.5mg TAB,791967,RxNorm,1970-01-01,2099-12-31,
3758,0,MIMIC4_ED,LORazepam 1mg TAB,791967,RxNorm,1970-01-01,2099-12-31,
3758,0,MIMIC4_ED,Lorazepam 1mg TAB,791967,RxNorm,1970-01-01,2099-12-31,
3753,0,MIMIC4_ED,LORazepam 2mg/1mL 1mL SYR,791967,RxNorm,1970-01-01,2099-12-31,
3753,0,MIMIC4_ED,Lorazepam 2mg/1mL 1mL SYR,791967,RxNorm,1970-01-01,2099-12-31,
23381,0,MIMIC4_ED,Losartan Potassium,40185275,RxNorm,1970-01-01,2099-12-31,
23381,0,MIMIC4_ED,Losartan Potassium 25mg TAB,40185279,RxNorm,1970-01-01,2099-12-31,
3025,0,MIMIC4_ED,Magnesium Citrate,967861,RxNorm,1970-01-01,2099-12-31,
3025,0,MIMIC4_ED,Magnesium Citrate 300mL BTL,967861,RxNorm,1970-01-01,2099-12-31,
1408,0,MIMIC4_ED,Magnesium Oxide,993631,RxNorm,1970-01-01,2099-12-31,
1408,0,MIMIC4_ED,Magnesium Oxide 400mg TAB,993631,RxNorm,1970-01-01,2099-12-31,
16546,0,MIMIC4_ED,Magnesium Su 20g/500mL 500mL BAG,19093848,RxNorm,1970-01-01,2099-12-31,
63340,0,MIMIC4_ED,Magnesium Sulf 2gm/50mL 50mL BAG,19093848,RxNorm,1970-01-01,2099-12-31,
1417,0,MIMIC4_ED,Magnesium Sulfate,19093848,RxNorm,1970-01-01,2099-12-31,
63340,0,MIMIC4_ED,Magnesium Sulfate (Latex Free),19093848,RxNorm,1970-01-01,2099-12-31,
16546,0,MIMIC4_ED,Magnesium Sulfate (Premix),19093848,RxNorm,1970-01-01,2099-12-31,
8148,0,MIMIC4_ED,Mannitol 20 100g/500mL 500mL BAG,994058,RxNorm,1970-01-01,2099-12-31,
8148,0,MIMIC4_ED,Mannitol 20%,994058,RxNorm,1970-01-01,2099-12-31,
4731,0,MIMIC4_ED,Meclizine,994341,RxNorm,1970-01-01,2099-12-31,
4731,0,MIMIC4_ED,Meclizine 12.5mg TAB,994341,RxNorm,1970-01-01,2099-12-31,
4044,0,MIMIC4_ED,Meperidine,1102527,RxNorm,1970-01-01,2099-12-31,
13318,0,MIMIC4_ED,MetFORMIN (Glucophage),40063356,RxNorm,1970-01-01,2099-12-31,
13318,0,MIMIC4_ED,MetFORMIN (Glucophage) 500mg TAB,1503297,RxNorm,1970-01-01,2099-12-31,
4240,0,MIMIC4_ED,Methadone,1103640,RxNorm,1970-01-01,2099-12-31,
4239,0,MIMIC4_ED,Methadone (Conc 50mg/5mL 5mL SYR,1103640,RxNorm,1970-01-01,2099-12-31,
4239,0,MIMIC4_ED,Methadone (Concentrated Oral),1103640,RxNorm,1970-01-01,2099-12-31,
23767,0,MIMIC4_ED,Methadone (Dispersible 40mg TAB,1103640,RxNorm,1970-01-01,2099-12-31,
23767,0,MIMIC4_ED,Methadone (Dispersible Tablet),1103640,RxNorm,1970-01-01,2099-12-31,
4240,0,MIMIC4_ED,Methadone 10mg TAB,1103640,RxNorm,1970-01-01,2099-12-31,
4242,0,MIMIC4_ED,Methadone 5mg TAB,1103640,RxNorm,1970-01-01,2099-12-31,
4237,0,MIMIC4_ED,Methadone Or 1mg/0.5mL 0.5mL SYR,1103640,RxNorm,1970-01-01,2099-12-31,
4237,0,MIMIC4_ED,Methadone Oral 10mg/5mL 5mL SYR,1103640,RxNorm,1970-01-01,2099-12-31,
4237,0,MIMIC4_ED,Methadone Oral Liquid,1103640,RxNorm,1970-01-01,2099-12-31,
4654,0,MIMIC4_ED,Methocarbamol,704943,RxNorm,1970-01-01,2099-12-31,
4654,0,MIMIC4_ED,Methocarbamol 500mg TAB,704943,RxNorm,1970-01-01,2099-12-31,
19073,0,MIMIC4_ED,Methylene Blu 10mg/1mL 10mL VIAL,905518,RxNorm,1970-01-01,2099-12-31,
68188,0,MIMIC4_ED,Methylene Blue 0.5%,905518,RxNorm,1970-01-01,2099-12-31,
68188,0,MIMIC4_ED,Methylene Blue 0.5% 10mL AMP,905518,RxNorm,1970-01-01,2099-12-31,
19073,0,MIMIC4_ED,Methylene Blue 1%,905518,RxNorm,1970-01-01,2099-12-31,
3278,0,MIMIC4_ED,Methylergonovi 0.2mg/1mL 1mL AMP,19110879,RxNorm,1970-01-01,2099-12-31,
3279,0,MIMIC4_ED,Methylergonovine Maleate,40222880,RxNorm,1970-01-01,2099-12-31,
4026,0,MIMIC4_ED,MethylPHENIDATE (Ritali 10mg TAB,36966152,RxNorm Extension,1970-01-01,2099-12-31,
4028,0,MIMIC4_ED,MethylPHENIDATE (Ritalin 5mg TAB,705944,RxNorm,1970-01-01,2099-12-31,
4026,0,MIMIC4_ED,MethylPHENIDATE (Ritalin),705944,RxNorm,1970-01-01,2099-12-31,
4029,0,MIMIC4_ED,MethylPHENIDATE SR (Rit 20mg TAB,705944,RxNorm,1970-01-01,2099-12-31,
4029,0,MIMIC4_ED,MethylPHENIDATE SR (Ritalin SR),705944,RxNorm,1970-01-01,2099-12-31,
6729,0,MIMIC4_ED,MethylPREDNISolone S 1000mg VIAL,1506270,RxNorm,1970-01-01,2099-12-31,
6730,0,MIMIC4_ED,MethylPREDNISolone So 125mg VIAL,1506270,RxNorm,1970-01-01,2099-12-31,
6732,0,MIMIC4_ED,MethylPREDNISolone Sod 40mg VIAL,1506270,RxNorm,1970-01-01,2099-12-31,
6730,0,MIMIC4_ED,MethylPREDNISolone Sodium Succ,1506270,RxNorm,1970-01-01,2099-12-31,
5229,0,MIMIC4_ED,Metoclopramide,906780,RxNorm,1970-01-01,2099-12-31,
5231,0,MIMIC4_ED,Metoclopramide 10mg TAB,906780,RxNorm,1970-01-01,2099-12-31,
5229,0,MIMIC4_ED,Metoclopramide 10mg/2mL 2mL VIAL,906780,RxNorm,1970-01-01,2099-12-31,
47586,0,MIMIC4_ED,Metoprolol Succinate 25mg XL TAB,1307046,RxNorm,1970-01-01,2099-12-31,
47586,0,MIMIC4_ED,Metoprolol Succinate XL,43014167,RxNorm,1970-01-01,2099-12-31,
19808,0,MIMIC4_ED,Metoprolol Tart 5mg/5mL 5mL VIAL,19091574,RxNorm,1970-01-01,2099-12-31,
19808,0,MIMIC4_ED,Metoprolol Tartrate,40167199,RxNorm,1970-01-01,2099-12-31,
50631,0,MIMIC4_ED,Metoprolol Tartrate 25mg TAB,40167210,RxNorm,1970-01-01,2099-12-31,
5132,0,MIMIC4_ED,Metoprolol Tartrate 50mg TAB,40167215,RxNorm,1970-01-01,2099-12-31,
9588,0,MIMIC4_ED,MetroNIDAZ 500mg/100mL 100mL BAG,1707164,RxNorm,1970-01-01,2099-12-31,
9588,0,MIMIC4_ED,MetRONIDAZOLE (Flagyl),1707164,RxNorm,1970-01-01,2099-12-31,
9588,0,MIMIC4_ED,MetroNIDAZOLE (Flagyl),1707164,RxNorm,1970-01-01,2099-12-31,
9591,0,MIMIC4_ED,MetroNIDAZOLE (Flagyl) 250mg TAB,1707164,RxNorm,1970-01-01,2099-12-31,
9223,0,MIMIC4_ED,MetroNIDAZOLE (Flagyl) 500mg TAB,1707164,RxNorm,1970-01-01,2099-12-31,
3779,0,MIMIC4_ED,Midazolam,708298,RxNorm,1970-01-01,2099-12-31,
0,0,MIMIC4_ED,Midazolam (Pharmacy Compounded),708298,RxNorm,1970-01-01,2099-12-31,
3780,0,MIMIC4_ED,Midazolam (SCA Pharma),708298,RxNorm,1970-01-01,2099-12-31,
3780,0,MIMIC4_ED,Midazolam 100mg/100mL 100mL Bag,708298,RxNorm,1970-01-01,2099-12-31,
3779,0,MIMIC4_ED,Midazolam 2mg/2mL 2mL Vial,19085091,RxNorm,1970-01-01,2099-12-31,
3779,0,MIMIC4_ED,Midazolam 5mg/1mL 1mL Vial,708298,RxNorm,1970-01-01,2099-12-31,
3026,0,MIMIC4_ED,Milk Of Magnesia,19107061,RxNorm,1970-01-01,2099-12-31,
3026,0,MIMIC4_ED,Milk Of Magnesia 30mL CUP,993270,RxNorm,1970-01-01,2099-12-31,
23159,0,MIMIC4_ED,Milrinone L 20mg/100mL 100mL BAG,1368671,RxNorm,1970-01-01,2099-12-31,
23159,0,MIMIC4_ED,Milrinone Lactate,42628992,RxNorm,1970-01-01,2099-12-31,
2997,0,MIMIC4_ED,Mineral Oil,908523,RxNorm,1970-01-01,2099-12-31,
2997,0,MIMIC4_ED,Mineral Oil 30mL CUP,908523,RxNorm,1970-01-01,2099-12-31,
46450,0,MIMIC4_ED,Mirtazapine,725131,RxNorm,1970-01-01,2099-12-31,
46450,0,MIMIC4_ED,Mirtazapine 15mg TAB,725131,RxNorm,1970-01-01,2099-12-31,
2767,0,MIMIC4_ED,Misoprostol,1150871,RxNorm,1970-01-01,2099-12-31,
2767,0,MIMIC4_ED,Misoprostol 200mcg TAB,1150871,RxNorm,1970-01-01,2099-12-31,
25848,0,MIMIC4_ED,Modafinil,710650,RxNorm,1970-01-01,2099-12-31,
25848,0,MIMIC4_ED,Modafinil *NF*,710650,RxNorm,1970-01-01,2099-12-31,
25848,0,MIMIC4_ED,Modafinil 100mg TAB,710650,RxNorm,1970-01-01,2099-12-31,
38451,0,MIMIC4_ED,Montelukast,1154161,RxNorm,1970-01-01,2099-12-31,
38451,0,MIMIC4_ED,Montelukast 10mg TAB,1154161,RxNorm,1970-01-01,2099-12-31,
4080,0,MIMIC4_ED,Morphine,1110410,RxNorm,1970-01-01,2099-12-31,
4091,0,MIMIC4_ED,Morphine (Immediate Rel 15mg TAB,1110410,RxNorm,1970-01-01,2099-12-31,
4091,0,MIMIC4_ED,Morphine (Immediate Release),1110410,RxNorm,1970-01-01,2099-12-31,
11886,0,MIMIC4_ED,Morphine SR (MS Contin 100mg TAB,1110410,RxNorm,1970-01-01,2099-12-31,
11887,0,MIMIC4_ED,Morphine SR (MS Contin),1110410,RxNorm,1970-01-01,2099-12-31,
11887,0,MIMIC4_ED,Morphine SR (MS Contin) 15mg TAB,1110410,RxNorm,1970-01-01,2099-12-31,
4096,0,MIMIC4_ED,Morphine SR (MS Contin) 30mg TAB,1110410,RxNorm,1970-01-01,2099-12-31,
4087,0,MIMIC4_ED,Morphine Sulfat 10mg/5mL 5mL CUP,40169889,RxNorm,1970-01-01,2099-12-31,
4090,0,MIMIC4_ED,Morphine Sulfat 20mg/1mL 1mL SYR,40165046,RxNorm,1970-01-01,2099-12-31,
74851,0,MIMIC4_ED,Morphine Sulfat 4mg/1mL 1mL VIAL,40170011,RxNorm,1970-01-01,2099-12-31,
74851,0,MIMIC4_ED,Morphine Sulfate,40169889,RxNorm,1970-01-01,2099-12-31,
4087,0,MIMIC4_ED,Morphine Sulfate (Oral Soln.),40170024,RxNorm,1970-01-01,2099-12-31,
0,0,MIMIC4_ED,Morphine Sulfate (Pharmacy Compounded),40169889,RxNorm,1970-01-01,2099-12-31,
16646,0,MIMIC4_ED,Morphine Sulfate 100mg 100mL BAG,40166391,RxNorm,1970-01-01,2099-12-31,
4072,0,MIMIC4_ED,Morphine Sulfate 4mg/1mL 1mL SYR,35605844,RxNorm,1970-01-01,2099-12-31,
61457,0,MIMIC4_ED,MoviPrep,1594359,RxNorm,1970-01-01,2099-12-31,
61457,0,MIMIC4_ED,MoviPrep 1L KIT,1594359,RxNorm,1970-01-01,2099-12-31,
2475,0,MIMIC4_ED,Multivitamins,36878782,RxNorm Extension,1970-01-01,2099-12-31,
2475,0,MIMIC4_ED,Multivitamins 1TAB TAB,36878782,RxNorm Extension,1970-01-01,2099-12-31,
32599,0,MIMIC4_ED,Mycophenolate Mofetil,19003999,RxNorm,1970-01-01,2099-12-31,
32599,0,MIMIC4_ED,Mycophenolate Mofetil 500mg TAB,19004036,RxNorm,1970-01-01,2099-12-31,
4516,0,MIMIC4_ED,Naloxone,1114220,RxNorm,1970-01-01,2099-12-31,
4516,0,MIMIC4_ED,Naloxone 0.04mg/1mL 10mL KIT,1114220,RxNorm,1970-01-01,2099-12-31,
4514,0,MIMIC4_ED,Naloxone 2mg/2mL 2mL SYR,1114220,RxNorm,1970-01-01,2099-12-31,
8360,0,MIMIC4_ED,Naproxen,1115008,RxNorm,1970-01-01,2099-12-31,
8360,0,MIMIC4_ED,Naproxen 250mg TAB,1115008,RxNorm,1970-01-01,2099-12-31,
52160,0,MIMIC4_ED,NelFINavir Mesylate,1715472,RxNorm,1970-01-01,2099-12-31,
4758,0,MIMIC4_ED,Neostigmine,717136,RxNorm,1970-01-01,2099-12-31,
16905,0,MIMIC4_ED,Neutra-Phos,40072722,RxNorm,1970-01-01,2099-12-31,
16905,0,MIMIC4_ED,Neutra-Phos 1PKT PKT,40072722,RxNorm,1970-01-01,2099-12-31,
64611,0,MIMIC4_ED,NiCARdipine 40mg/200mL 200mL BAG,1318137,RxNorm,1970-01-01,2099-12-31,
21600,0,MIMIC4_ED,NiCARdipine IV,1318137,RxNorm,1970-01-01,2099-12-31,
0,0,MIMIC4_ED,Nicotine Lozenge,40067651,RxNorm,1970-01-01,2099-12-31,
0,0,MIMIC4_ED,Nicotine Lozenge 2mg LOZ,40067651,RxNorm,1970-01-01,2099-12-31,
16427,0,MIMIC4_ED,Nicotine Patch,718583,RxNorm,1970-01-01,2099-12-31,
16426,0,MIMIC4_ED,Nicotine Patch 14mg PTCH,718583,RxNorm,1970-01-01,2099-12-31,
16427,0,MIMIC4_ED,Nicotine Patch 21mg PTCH,718583,RxNorm,1970-01-01,2099-12-31,
4930,0,MIMIC4_ED,Nicotine Polacrilex,42903857,RxNorm,1970-01-01,2099-12-31,
4930,0,MIMIC4_ED,Nicotine Polacrilex 2mg GUM,718670,RxNorm,1970-01-01,2099-12-31,
12059,0,MIMIC4_ED,NIFEdipine (Extended Re 30mg TAB,19112979,RxNorm,1970-01-01,2099-12-31,
12059,0,MIMIC4_ED,NIFEdipine (Extended Release),40069145,RxNorm,1970-01-01,2099-12-31,
12059,0,MIMIC4_ED,NIFEdipine CR,1318853,RxNorm,1970-01-01,2099-12-31,
12059,0,MIMIC4_ED,NIFEdipine CR 30mg TAB,1318853,RxNorm,1970-01-01,2099-12-31,
579,0,MIMIC4_ED,NiMODipine,1319133,RxNorm,1970-01-01,2099-12-31,
579,0,MIMIC4_ED,Nimodipine,1319133,RxNorm,1970-01-01,2099-12-31,
579,0,MIMIC4_ED,NiMODipine 30mg CAP,1319133,RxNorm,1970-01-01,2099-12-31,
579,0,MIMIC4_ED,Nimodipine 30mg CAP,1319133,RxNorm,1970-01-01,2099-12-31,
16598,0,MIMIC4_ED,Nitrofurantoin Monohy (MacroBID),40069972,RxNorm,1970-01-01,2099-12-31,
16598,0,MIMIC4_ED,Nitrofurantoin Monohy 100mg CAP,920293,RxNorm,1970-01-01,2099-12-31,
15361,0,MIMIC4_ED,Nitroglyce 100mg/250mL 250mL BTL,1361711,RxNorm,1970-01-01,2099-12-31,
15361,0,MIMIC4_ED,Nitroglycerin,1361711,RxNorm,1970-01-01,2099-12-31,
464,0,MIMIC4_ED,Nitroglycerin Ointment  2%,1361711,RxNorm,1970-01-01,2099-12-31,
464,0,MIMIC4_ED,Nitroglycerin Ointment 1gm PKT,40071543,RxNorm,1970-01-01,2099-12-31,
475,0,MIMIC4_ED,Nitroglycerin SL,1361711,RxNorm,1970-01-01,2099-12-31,
474,0,MIMIC4_ED,Nitroglycerin SL 0.3mg BTL,1361711,RxNorm,1970-01-01,2099-12-31,
475,0,MIMIC4_ED,Nitroglycerin SL 0.4mg BTL,1361711,RxNorm,1970-01-01,2099-12-31,
19652,0,MIMIC4_ED,Nitroprusside Sodium,19020994,RxNorm,1970-01-01,2099-12-31,
19652,0,MIMIC4_ED,Nitroprusside Sodium ( 50mg VIAL,19020994,RxNorm,1970-01-01,2099-12-31,
19652,0,MIMIC4_ED,Nitroprusside Sodium (for dilution),19020994,RxNorm,1970-01-01,2099-12-31,
66419,0,MIMIC4_ED,NORepinephri 8mg/250mL 250mL BAG,1321341,RxNorm,1970-01-01,2099-12-31,
4939,0,MIMIC4_ED,Norepinephrine,1321341,RxNorm,1970-01-01,2099-12-31,
66452,0,MIMIC4_ED,NORepinephrine,1321341,RxNorm,1970-01-01,2099-12-31,
28633,0,MIMIC4_ED,NORepinephrine ((for dil 8mg KIT,1321341,RxNorm,1970-01-01,2099-12-31,
28633,0,MIMIC4_ED,NORepinephrine ((for dilution),1321341,RxNorm,1970-01-01,2099-12-31,
66419,0,MIMIC4_ED,NORepinephrine (in NS),1321341,RxNorm,1970-01-01,2099-12-31,
6586,0,MIMIC4_ED,Octreotide A 500mcg/1mL 1mL VIAL,1522957,RxNorm,1970-01-01,2099-12-31,
6585,0,MIMIC4_ED,Octreotide Ac 100mcg/1mL 1mL AMP,1522957,RxNorm,1970-01-01,2099-12-31,
6585,0,MIMIC4_ED,Octreotide Acetate,1522957,RxNorm,1970-01-01,2099-12-31,
6586,0,MIMIC4_ED,Octreotide Acetate (For Dilution),1522957,RxNorm,1970-01-01,2099-12-31,
50386,0,MIMIC4_ED,OLANZapine,785788,RxNorm,1970-01-01,2099-12-31,
27961,0,MIMIC4_ED,Olanzapine,785788,RxNorm,1970-01-01,2099-12-31,
45190,0,MIMIC4_ED,OLANZapine (Disintegrati 5mg TAB,785788,RxNorm,1970-01-01,2099-12-31,
45190,0,MIMIC4_ED,OLANZapine (Disintegrating Table,785788,RxNorm,1970-01-01,2099-12-31,
45190,0,MIMIC4_ED,Olanzapine (Disintegrating Table,785788,RxNorm,1970-01-01,2099-12-31,
50386,0,MIMIC4_ED,OLANZapine 10mg VIAL,785788,RxNorm,1970-01-01,2099-12-31,
27961,0,MIMIC4_ED,OLANZapine 5mg TAB,785788,RxNorm,1970-01-01,2099-12-31,
33530,0,MIMIC4_ED,Omeprazole,923645,RxNorm,1970-01-01,2099-12-31,
33530,0,MIMIC4_ED,Omeprazole 20mg CAP,923645,RxNorm,1970-01-01,2099-12-31,
15869,0,MIMIC4_ED,Ondansetron,1000560,RxNorm,1970-01-01,2099-12-31,
15869,0,MIMIC4_ED,Ondansetron 4mg/2mL 2mL VIAL,1000560,RxNorm,1970-01-01,2099-12-31,
41562,0,MIMIC4_ED,Ondansetron ODT,1000560,RxNorm,1970-01-01,2099-12-31,
41562,0,MIMIC4_ED,Ondansetron ODT 4mg TAB,1000560,RxNorm,1970-01-01,2099-12-31,
43706,0,MIMIC4_ED,OSELTAMIvir,1799139,RxNorm,1970-01-01,2099-12-31,
43706,0,MIMIC4_ED,OSELTAMivir,1799139,RxNorm,1970-01-01,2099-12-31,
43706,0,MIMIC4_ED,Oseltamivir,1799139,RxNorm,1970-01-01,2099-12-31,
43706,0,MIMIC4_ED,OSELTAMIvir 75mg CAP,1799139,RxNorm,1970-01-01,2099-12-31,
3769,0,MIMIC4_ED,Oxazepam,724816,RxNorm,1970-01-01,2099-12-31,
3769,0,MIMIC4_ED,Oxazepam 10mg CAP,724816,RxNorm,1970-01-01,2099-12-31,
3770,0,MIMIC4_ED,Oxazepam 15mg CAP,724816,RxNorm,1970-01-01,2099-12-31,
27779,0,MIMIC4_ED,OXcarbazepine,718122,RxNorm,1970-01-01,2099-12-31,
27779,0,MIMIC4_ED,Oxcarbazepine,718122,RxNorm,1970-01-01,2099-12-31,
27779,0,MIMIC4_ED,OXcarbazepine 150mg TAB,718122,RxNorm,1970-01-01,2099-12-31,
4929,0,MIMIC4_ED,Oxybutynin,918906,RxNorm,1970-01-01,2099-12-31,
4929,0,MIMIC4_ED,Oxybutynin 5mg TAB,918906,RxNorm,1970-01-01,2099-12-31,
15065,0,MIMIC4_ED,OxyCODONE ( 10mg/0.5mL 0.5mL SYR,1124957,RxNorm,1970-01-01,2099-12-31,
46474,0,MIMIC4_ED,OxyCODONE (Immediate Re 15mg TAB,1124957,RxNorm,1970-01-01,2099-12-31,
46474,0,MIMIC4_ED,OxycoDONE (Immediate Re 15mg TAB,1124957,RxNorm,1970-01-01,2099-12-31,
4225,0,MIMIC4_ED,OxyCODONE (Immediate Rel 5mg TAB,1124957,RxNorm,1970-01-01,2099-12-31,
4225,0,MIMIC4_ED,OxyCODONE (Immediate Release),1124957,RxNorm,1970-01-01,2099-12-31,
4225,0,MIMIC4_ED,OxycoDONE (Immediate Release),1124957,RxNorm,1970-01-01,2099-12-31,
4224,0,MIMIC4_ED,OxyCODONE Liquid,1124957,RxNorm,1970-01-01,2099-12-31,
4224,0,MIMIC4_ED,OxycoDONE Liquid,1124957,RxNorm,1970-01-01,2099-12-31,
4224,0,MIMIC4_ED,OxyCODONE Liquid 5mg/5mL 5mL CUP,1124957,RxNorm,1970-01-01,2099-12-31,
24504,0,MIMIC4_ED,OxyCODONE SR (OxyCONTI 10mg TAB,1124957,RxNorm,1970-01-01,2099-12-31,
24504,0,MIMIC4_ED,OxyCODONE SR  (OxyconTI 10mg TAB,1124957,RxNorm,1970-01-01,2099-12-31,
24505,0,MIMIC4_ED,OxyCODONE SR (OxyCONTI 20mg TAB,1124957,RxNorm,1970-01-01,2099-12-31,
24506,0,MIMIC4_ED,OxyCODONE SR (OxyCONTI 40mg TAB,1124957,RxNorm,1970-01-01,2099-12-31,
24506,0,MIMIC4_ED,OxyCODONE SR  (OxyconTI 40mg TAB,1124957,RxNorm,1970-01-01,2099-12-31,
24504,0,MIMIC4_ED,OxyCODONE SR (OxyconTIN),1124957,RxNorm,1970-01-01,2099-12-31,
24504,0,MIMIC4_ED,OxyCODONE SR (OxyCONTIN),1124957,RxNorm,1970-01-01,2099-12-31,
24504,0,MIMIC4_ED,Oxycodone SR (OxyconTIN),1124957,RxNorm,1970-01-01,2099-12-31,
24506,0,MIMIC4_ED,Oxycodone SR (OxyconTIN),1124957,RxNorm,1970-01-01,2099-12-31,
4222,0,MIMIC4_ED,Oxycodone-Acetaminophen,40002751,RxNorm,1970-01-01,2099-12-31,
4222,0,MIMIC4_ED,OxyCODONE-Acetaminophen,40002751,RxNorm,1970-01-01,2099-12-31,
4222,0,MIMIC4_ED,Oxycodone-Acetaminophen 1TAB TAB,44096652,RxNorm Extension,1970-01-01,2099-12-31,
4221,0,MIMIC4_ED,Oxycodone-Acetaminophen Elixir,40002749,RxNorm,1970-01-01,2099-12-31,
8039,0,MIMIC4_ED,Oxymetazoline 0.05%,925636,RxNorm,1970-01-01,2099-12-31,
8039,0,MIMIC4_ED,Oxymetazoline 0.05% 15mL SPBL,925636,RxNorm,1970-01-01,2099-12-31,
3281,0,MIMIC4_ED,Oxytocin,1326115,RxNorm,1970-01-01,2099-12-31,
3281,0,MIMIC4_ED,Oxytocin 10UNIT/1mL 1mL VIAL,1326115,RxNorm,1970-01-01,2099-12-31,
27462,0,MIMIC4_ED,Pantoprazole,948078,RxNorm,1970-01-01,2099-12-31,
27462,0,MIMIC4_ED,Pantoprazole 40mg TAB,948078,RxNorm,1970-01-01,2099-12-31,
47635,0,MIMIC4_ED,Pantoprazole Sodium,948078,RxNorm,1970-01-01,2099-12-31,
47635,0,MIMIC4_ED,Pantoprazole Sodium (Fo 80mg KIT,948078,RxNorm,1970-01-01,2099-12-31,
47635,0,MIMIC4_ED,Pantoprazole Sodium (For Dilution),40144941,RxNorm,1970-01-01,2099-12-31,
47635,0,MIMIC4_ED,Pantoprazole Sodium (For Dilution),948078,RxNorm,1970-01-01,2099-12-31,
47635,0,MIMIC4_ED,Pantoprazole Sodium 40mg VIAL,948080,RxNorm,1970-01-01,2099-12-31,
46223,0,MIMIC4_ED,PARoxetine,722031,RxNorm,1970-01-01,2099-12-31,
46223,0,MIMIC4_ED,Paroxetine,722031,RxNorm,1970-01-01,2099-12-31,
46223,0,MIMIC4_ED,PARoxetine 20mg TAB,722031,RxNorm,1970-01-01,2099-12-31,
43349,0,MIMIC4_ED,"Penic 1,200,000Units/2mL 2mL SYR",747519,RxNorm,1970-01-01,2099-12-31,
43349,0,MIMIC4_ED,Penicillin G Benzathine,19127593,RxNorm,1970-01-01,2099-12-31,
8879,0,MIMIC4_ED,Penicillin V Potassium,19133904,RxNorm,1970-01-01,2099-12-31,
8879,0,MIMIC4_ED,Penicillin V Potassium 250mg TAB,19133872,RxNorm,1970-01-01,2099-12-31,
0,0,MIMIC4_ED,Perampanel *NF*,42904177,RxNorm,1970-01-01,2099-12-31,
0,0,MIMIC4_ED,Perampanel *NF* 2mg TAB,42904177,RxNorm,1970-01-01,2099-12-31,
3833,0,MIMIC4_ED,Perphenazine,733008,RxNorm,1970-01-01,2099-12-31,
3833,0,MIMIC4_ED,Perphenazine 8mg TAB,733008,RxNorm,1970-01-01,2099-12-31,
9477,0,MIMIC4_ED,Phenazopyridine,933724,RxNorm,1970-01-01,2099-12-31,
9477,0,MIMIC4_ED,Phenazopyridine 100mg TAB,933724,RxNorm,1970-01-01,2099-12-31,
27611,0,MIMIC4_ED,PHENObarbital,734275,RxNorm,1970-01-01,2099-12-31,
3580,0,MIMIC4_ED,PHENObarbital 130mg/1mL 1mL Vial,734275,RxNorm,1970-01-01,2099-12-31,
27611,0,MIMIC4_ED,PHENObarbital 32.4mg TAB,734275,RxNorm,1970-01-01,2099-12-31,
3581,0,MIMIC4_ED,PHENObarbital 65mg/1mL 1mL Vial,734275,RxNorm,1970-01-01,2099-12-31,
27613,0,MIMIC4_ED,PHENObarbital 97.2mg TAB,734275,RxNorm,1970-01-01,2099-12-31,
3586,0,MIMIC4_ED,PHENObarbital Oral Soln,734275,RxNorm,1970-01-01,2099-12-31,
3580,0,MIMIC4_ED,PHENObarbital Sodium,742101,RxNorm,1970-01-01,2099-12-31,
5112,0,MIMIC4_ED,Phentolamine Mesylate,1718423,RxNorm,1970-01-01,2099-12-31,
63863,0,MIMIC4_ED,PHENYLEPHrin 100mcg/1mL 10mL SYR,1135766,RxNorm,1970-01-01,2099-12-31,
74949,0,MIMIC4_ED,PHENYLEPHrin 50mg/250mL 250mL NS,1135766,RxNorm,1970-01-01,2099-12-31,
74949,0,MIMIC4_ED,PHENYLEPHrin 60mg/250mL 250mL NS,1135766,RxNorm,1970-01-01,2099-12-31,
5068,0,MIMIC4_ED,PHENYLEPHrine,1135766,RxNorm,1970-01-01,2099-12-31,
5068,0,MIMIC4_ED,Phenylephrine,1135766,RxNorm,1970-01-01,2099-12-31,
5068,0,MIMIC4_ED,PHENYLEPHrine (for 50mg/5mL VIAL,1135766,RxNorm,1970-01-01,2099-12-31,
5068,0,MIMIC4_ED,PHENYLEPHrine (for dilu 60mg/6mL,1135766,RxNorm,1970-01-01,2099-12-31,
5068,0,MIMIC4_ED,PHENYLEPHrine (for dilution),1135766,RxNorm,1970-01-01,2099-12-31,
74949,0,MIMIC4_ED,PHENYLEPHrine (QuVa),1135766,RxNorm,1970-01-01,2099-12-31,
4526,0,MIMIC4_ED,Phenytoin Sod 100mg/2mL 2mL VIAL,40163207,RxNorm,1970-01-01,2099-12-31,
4526,0,MIMIC4_ED,Phenytoin Sod 250mg/5mL 5mL VIAL,35865141,RxNorm Extension,1970-01-01,2099-12-31,
4526,0,MIMIC4_ED,Phenytoin Sodium,740910,RxNorm,1970-01-01,2099-12-31,
4521,0,MIMIC4_ED,Phenytoin Sodium Exten 100mg CAP,40163207,RxNorm,1970-01-01,2099-12-31,
4521,0,MIMIC4_ED,Phenytoin Sodium Extended,40163207,RxNorm,1970-01-01,2099-12-31,
1711,0,MIMIC4_ED,Phosphorus,19043395,RxNorm,1970-01-01,2099-12-31,
1711,0,MIMIC4_ED,Phosphorus 250mg TAB,19043395,RxNorm,1970-01-01,2099-12-31,
4752,0,MIMIC4_ED,Physostigmine Sa 2mg/2mL 2mL AMP,19044337,RxNorm,1970-01-01,2099-12-31,
4752,0,MIMIC4_ED,Physostigmine Salicylate,40182556,RxNorm,1970-01-01,2099-12-31,
2305,0,MIMIC4_ED,Phytonadione,19044727,RxNorm,1970-01-01,2099-12-31,
2301,0,MIMIC4_ED,Phytonadione 10mg/1mL 1mL AMP,19044727,RxNorm,1970-01-01,2099-12-31,
2305,0,MIMIC4_ED,Phytonadione 5mg TAB,19044727,RxNorm,1970-01-01,2099-12-31,
0,0,MIMIC4_ED,"Piperacilli 4,5g/100mL 100mL Bag",1746114,RxNorm,1970-01-01,2099-12-31,
21187,0,MIMIC4_ED,Piperacilli 4.5g/100mL 100mL BAG,1746114,RxNorm,1970-01-01,2099-12-31,
0,0,MIMIC4_ED,Piperacilli 4.5g/100mL 100mL Bag,1746114,RxNorm,1970-01-01,2099-12-31,
0,0,MIMIC4_ED,Piperacillin- 4.5g/50mL 50mL BAG,1746114,RxNorm,1970-01-01,2099-12-31,
0,0,MIMIC4_ED,Piperacillin-Tazob,46275426,RxNorm,1970-01-01,2099-12-31,
0,0,MIMIC4_ED,Piperacillin-Tazob (Mini Bag +),46275426,RxNorm,1970-01-01,2099-12-31,
0,0,MIMIC4_ED,Piperacillin-Tazob premix,46275426,RxNorm,1970-01-01,2099-12-31,
21187,0,MIMIC4_ED,Piperacillin-Tazobactam Na,46275426,RxNorm,1970-01-01,2099-12-31,
0,0,MIMIC4_ED,Piperacillin-Tazobactam Na (RX Compound),46275426,RxNorm,1970-01-01,2099-12-31,
21187,0,MIMIC4_ED,Piperacillin-Tazobactam Na***,46275426,RxNorm,1970-01-01,2099-12-31,
48548,0,MIMIC4_ED,PNEUMOcoccal  23 Vla 0.5mL VIAL,40163670,RxNorm,1970-01-01,2099-12-31,
48548,0,MIMIC4_ED,PNEUMOcoccal  23 Vla p-Sac Vac,40163670,RxNorm,1970-01-01,2099-12-31,
48548,0,MIMIC4_ED,PNEUMOcoccal Vac Polyvalent,40163670,RxNorm,1970-01-01,2099-12-31,
34313,0,MIMIC4_ED,Polyethylene Glycol,42903703,RxNorm,1970-01-01,2099-12-31,
34313,0,MIMIC4_ED,Polyethylene Glycol 17g PKT,43013775,RxNorm,1970-01-01,2099-12-31,
15362,0,MIMIC4_ED,Potassium 10mEq/100mL 100mL IVPB,19049024,RxNorm,1970-01-01,2099-12-31,
45309,0,MIMIC4_ED,Potassium C 20mEq/50mL 50mL IVPB,19049024,RxNorm,1970-01-01,2099-12-31,
1255,0,MIMIC4_ED,Potassium Ch 20mEq/50mL 50mL BAG,19049540,RxNorm,1970-01-01,2099-12-31,
1248,0,MIMIC4_ED,Potassium Chloride,19049105,RxNorm,1970-01-01,2099-12-31,
1262,0,MIMIC4_ED,Potassium Chloride (Po 20mEq PKT,19049105,RxNorm,1970-01-01,2099-12-31,
1262,0,MIMIC4_ED,Potassium Chloride (Powder),19049105,RxNorm,1970-01-01,2099-12-31,
1248,0,MIMIC4_ED,Potassium Chloride 10mEq TAB,19049105,RxNorm,1970-01-01,2099-12-31,
63046,0,MIMIC4_ED,Potassium Citrate,976545,RxNorm,1970-01-01,2099-12-31,
20741,0,MIMIC4_ED,Pravastatin,1551860,RxNorm,1970-01-01,2099-12-31,
16366,0,MIMIC4_ED,Pravastatin 10mg TAB,1551860,RxNorm,1970-01-01,2099-12-31,
20741,0,MIMIC4_ED,Pravastatin 40mg TAB,1551860,RxNorm,1970-01-01,2099-12-31,
291,0,MIMIC4_ED,Prazosin,1350489,RxNorm,1970-01-01,2099-12-31,
291,0,MIMIC4_ED,Prazosin 1mg CAP,1350489,RxNorm,1970-01-01,2099-12-31,
7894,0,MIMIC4_ED,PrednisoLONE Acetate 1% Oph DBTL,43526394,RxNorm,1970-01-01,2099-12-31,
7894,0,MIMIC4_ED,PrednisoLONE Acetate 1% Ophth. S,43526395,RxNorm,1970-01-01,2099-12-31,
6749,0,MIMIC4_ED,PredniSONE,1551099,RxNorm,1970-01-01,2099-12-31,
6749,0,MIMIC4_ED,PredniSONE 10mg TAB,1551232,RxNorm,1970-01-01,2099-12-31,
6749,0,MIMIC4_ED,PredniSONE 20mg TAB,1551099,RxNorm,1970-01-01,2099-12-31,
6753,0,MIMIC4_ED,PredniSONE 5mg TAB,1551099,RxNorm,1970-01-01,2099-12-31,
57799,0,MIMIC4_ED,Pregabalin,734354,RxNorm,1970-01-01,2099-12-31,
57799,0,MIMIC4_ED,Pregabalin 25mg CAP,734354,RxNorm,1970-01-01,2099-12-31,
57801,0,MIMIC4_ED,Pregabalin 75mg CAP,734354,RxNorm,1970-01-01,2099-12-31,
230,0,MIMIC4_ED,Procainami 1000mg/10mL 10mL VIAL,1351461,RxNorm,1970-01-01,2099-12-31,
230,0,MIMIC4_ED,Procainamide,1351461,RxNorm,1970-01-01,2099-12-31,
3837,0,MIMIC4_ED,Prochlorperazine,752061,RxNorm,1970-01-01,2099-12-31,
3844,0,MIMIC4_ED,Prochlorperazine (Rectal),752061,RxNorm,1970-01-01,2099-12-31,
3837,0,MIMIC4_ED,Prochlorperazine 10mg VIAL,752061,RxNorm,1970-01-01,2099-12-31,
3846,0,MIMIC4_ED,Prochlorperazine Maleat 10mg TAB,40074994,RxNorm,1970-01-01,2099-12-31,
3846,0,MIMIC4_ED,Prochlorperazine Maleate,752061,RxNorm,1970-01-01,2099-12-31,
3866,0,MIMIC4_ED,Promethazine,1153013,RxNorm,1970-01-01,2099-12-31,
3878,0,MIMIC4_ED,Promethazine 25mg TAB,1153013,RxNorm,1970-01-01,2099-12-31,
3866,0,MIMIC4_ED,Promethazine 25mg/1mL 1mL AMP,1153013,RxNorm,1970-01-01,2099-12-31,
16796,0,MIMIC4_ED,Propofol,753626,RxNorm,1970-01-01,2099-12-31,
16796,0,MIMIC4_ED,Propofol 1000mg/100mL 100mL VIAL,753626,RxNorm,1970-01-01,2099-12-31,
16796,0,MIMIC4_ED,Propofol 200mg/20mL 20mL VIAL,753626,RxNorm,1970-01-01,2099-12-31,
5123,0,MIMIC4_ED,Propranolol,1353766,RxNorm,1970-01-01,2099-12-31,
5123,0,MIMIC4_ED,Propranolol 10mg TAB,1353766,RxNorm,1970-01-01,2099-12-31,
5117,0,MIMIC4_ED,Propranolol 1mg/1mL 1mL VIAL,1353766,RxNorm,1970-01-01,2099-12-31,
6570,0,MIMIC4_ED,Protamine Sulf 50mg/5mL 5mL VIAL,36249934,RxNorm,1970-01-01,2099-12-31,
6570,0,MIMIC4_ED,Protamine Sulfate,19054242,RxNorm,1970-01-01,2099-12-31,
5089,0,MIMIC4_ED,Pseudoephedrine,1154332,RxNorm,1970-01-01,2099-12-31,
5089,0,MIMIC4_ED,Pseudoephedrine 30mg TAB,1154332,RxNorm,1970-01-01,2099-12-31,
4764,0,MIMIC4_ED,Pyridostigmine Bromide,40173881,RxNorm,1970-01-01,2099-12-31,
4764,0,MIMIC4_ED,Pyridostigmine Bromide 60mg TAB,40173887,RxNorm,1970-01-01,2099-12-31,
34187,0,MIMIC4_ED,QUEtiapine Fumarate,766814,RxNorm,1970-01-01,2099-12-31,
34187,0,MIMIC4_ED,Quetiapine Fumarate,766814,RxNorm,1970-01-01,2099-12-31,
34188,0,MIMIC4_ED,QUEtiapine Fumarate 100mg TAB,766819,RxNorm,1970-01-01,2099-12-31,
34187,0,MIMIC4_ED,QUEtiapine Fumarate 25mg TAB,766820,RxNorm,1970-01-01,2099-12-31,
9651,0,MIMIC4_ED,Rabies Vaccine,36118603,RxNorm Extension,1970-01-01,2099-12-31,
9651,0,MIMIC4_ED,Rabies Vaccine 1mL VIAL,36118603,RxNorm Extension,1970-01-01,2099-12-31,
54686,0,MIMIC4_ED,Racepinephrine,1300153,RxNorm,1970-01-01,2099-12-31,
54686,0,MIMIC4_ED,Racepinephrine 0.5mL Neb,1300153,RxNorm,1970-01-01,2099-12-31,
54686,0,MIMIC4_ED,Racepinephrine 2.25% S 0.5mL Neb,1300153,RxNorm,1970-01-01,2099-12-31,
54686,0,MIMIC4_ED,Racepinephrine 2.25% Soln,1300153,RxNorm,1970-01-01,2099-12-31,
63231,0,MIMIC4_ED,Raltegravir,1712889,RxNorm,1970-01-01,2099-12-31,
63231,0,MIMIC4_ED,Raltegravir 400mg TAB,1712889,RxNorm,1970-01-01,2099-12-31,
59509,0,MIMIC4_ED,Ramelteon,781182,RxNorm,1970-01-01,2099-12-31,
59509,0,MIMIC4_ED,Ramelteon 8mg TAB,781182,RxNorm,1970-01-01,2099-12-31,
11673,0,MIMIC4_ED,Ranitidine,961047,RxNorm,1970-01-01,2099-12-31,
11673,0,MIMIC4_ED,Ranitidine 150mg TAB,961047,RxNorm,1970-01-01,2099-12-31,
19661,0,MIMIC4_ED,Readi-Cat 2 (Barium S 450mL BTL,43519924,RxNorm Extension,1970-01-01,2099-12-31,
19661,0,MIMIC4_ED,Readi-Cat 2 (Barium Sul 2%),43268929,RxNorm Extension,1970-01-01,2099-12-31,
0,0,MIMIC4_ED,Readi-Cat 2 (Barium Sul 2%)*,43268929,RxNorm Extension,1970-01-01,2099-12-31,
21154,0,MIMIC4_ED,risperiDONE,735979,RxNorm,1970-01-01,2099-12-31,
21154,0,MIMIC4_ED,Risperidone,735979,RxNorm,1970-01-01,2099-12-31,
21154,0,MIMIC4_ED,RISperidone,735979,RxNorm,1970-01-01,2099-12-31,
42922,0,MIMIC4_ED,risperiDONE 0.25mg TAB,735979,RxNorm,1970-01-01,2099-12-31,
42923,0,MIMIC4_ED,risperiDONE 0.5mg TAB,735979,RxNorm,1970-01-01,2099-12-31,
21154,0,MIMIC4_ED,risperiDONE 1mg TAB,735979,RxNorm,1970-01-01,2099-12-31,
68119,0,MIMIC4_ED,Rivaroxaban,40241331,RxNorm,1970-01-01,2099-12-31,
68119,0,MIMIC4_ED,Rivaroxaban 20mg TAB,40241331,RxNorm,1970-01-01,2099-12-31,
21727,0,MIMIC4_ED,Rocuronium,19003953,RxNorm,1970-01-01,2099-12-31,
21727,0,MIMIC4_ED,Rocuronium *NF*,19003953,RxNorm,1970-01-01,2099-12-31,
21727,0,MIMIC4_ED,Rocuronium 100mg/10mL 10mL Vial,19003953,RxNorm,1970-01-01,2099-12-31,
51785,0,MIMIC4_ED,Rosuvastatin Calcium,40165244,RxNorm,1970-01-01,2099-12-31,
51785,0,MIMIC4_ED,Rosuvastatin Calcium 20mg TAB,40165252,RxNorm,1970-01-01,2099-12-31,
52944,0,MIMIC4_ED,Rosuvastatin Calcium 5mg TAB,40165260,RxNorm,1970-01-01,2099-12-31,
12070,0,MIMIC4_ED,Selegiline,766209,RxNorm,1970-01-01,2099-12-31,
12070,0,MIMIC4_ED,Selegiline 5mg TAB,766209,RxNorm,1970-01-01,2099-12-31,
19964,0,MIMIC4_ED,Senna,1511349,RxNorm,1970-01-01,2099-12-31,
19964,0,MIMIC4_ED,Senna 8.6mg TAB,40222513,RxNorm,1970-01-01,2099-12-31,
2922,0,MIMIC4_ED,Senna 8.6mg/4.9mL SYR,960820,RxNorm,1970-01-01,2099-12-31,
2922,0,MIMIC4_ED,Senna 8.8mg/5mL Syrup,960820,RxNorm,1970-01-01,2099-12-31,
46228,0,MIMIC4_ED,Sertraline,739138,RxNorm,1970-01-01,2099-12-31,
46228,0,MIMIC4_ED,Sertraline 50mg TAB,739138,RxNorm,1970-01-01,2099-12-31,
59211,0,MIMIC4_ED,Sildenafil,1316262,RxNorm,1970-01-01,2099-12-31,
59211,0,MIMIC4_ED,Sildenafil 20mg TAB,1316262,RxNorm,1970-01-01,2099-12-31,
7669,0,MIMIC4_ED,Silver Sulfadiazine 1% 50gm JAR,966956,RxNorm,1970-01-01,2099-12-31,
7669,0,MIMIC4_ED,Silver Sulfadiazine 1% Cream,966956,RxNorm,1970-01-01,2099-12-31,
2821,0,MIMIC4_ED,Simethicone,966991,RxNorm,1970-01-01,2099-12-31,
2821,0,MIMIC4_ED,Simethicone 80mg TAB,966991,RxNorm,1970-01-01,2099-12-31,
16577,0,MIMIC4_ED,Simvastatin,1539403,RxNorm,1970-01-01,2099-12-31,
16577,0,MIMIC4_ED,Simvastatin 10mg TAB,1539403,RxNorm,1970-01-01,2099-12-31,
16579,0,MIMIC4_ED,Simvastatin 40mg TAB,1539403,RxNorm,1970-01-01,2099-12-31,
1181,0,MIMIC4_ED,Sodium Bica 50mEq/50mL 50mL VIAL,939506,RxNorm,1970-01-01,2099-12-31,
1181,0,MIMIC4_ED,Sodium Bicarbonat 50mEq/50mL SYR,939506,RxNorm,1970-01-01,2099-12-31,
1181,0,MIMIC4_ED,Sodium Bicarbonate,939506,RxNorm,1970-01-01,2099-12-31,
1183,0,MIMIC4_ED,Sodium Bicarbonate 4.2% (Neut),939506,RxNorm,1970-01-01,2099-12-31,
1181,0,MIMIC4_ED,Sodium Bicarbonate 50mEq SYR,939506,RxNorm,1970-01-01,2099-12-31,
1181,0,MIMIC4_ED,Sodium Bicarbonate 8.4%,939506,RxNorm,1970-01-01,2099-12-31,
1185,0,MIMIC4_ED,Sodium Bicarbonate 8.4% (Nephron),939506,RxNorm,1970-01-01,2099-12-31,
1210,0,MIMIC4_ED,Sodium Chloride (Mini Bag Plus),967823,RxNorm,1970-01-01,2099-12-31,
0,0,MIMIC4_ED,Sodium Chloride 0.9%,967823,RxNorm,1970-01-01,2099-12-31,
1210,0,MIMIC4_ED,Sodium Chloride 0.9% (Mini Bag Plus),967823,RxNorm,1970-01-01,2099-12-31,
0,0,MIMIC4_ED,Sodium Chloride 0.9% 1000mL BAG,967823,RxNorm,1970-01-01,2099-12-31,
1210,0,MIMIC4_ED,Sodium Chloride 0.9%/100mL BAG,967823,RxNorm,1970-01-01,2099-12-31,
1211,0,MIMIC4_ED,Sodium Chloride 3% (Hy 500mL BAG,967823,RxNorm,1970-01-01,2099-12-31,
1211,0,MIMIC4_ED,Sodium Chloride 3% (Hypertonic),967823,RxNorm,1970-01-01,2099-12-31,
1195,0,MIMIC4_ED,Sodium Polyst 15gm/60mL 60mL BTL,19078126,RxNorm,1970-01-01,2099-12-31,
1195,0,MIMIC4_ED,Sodium Polystyrene Sulfonate,19078126,RxNorm,1970-01-01,2099-12-31,
71748,0,MIMIC4_ED,SOFOSBUvir 400mg TAB,44785094,RxNorm,1970-01-01,2099-12-31,
6817,0,MIMIC4_ED,Spironolactone,970250,RxNorm,1970-01-01,2099-12-31,
6817,0,MIMIC4_ED,Spironolactone 25mg TAB,970250,RxNorm,1970-01-01,2099-12-31,
21983,0,MIMIC4_ED,Stavudine,1781406,RxNorm,1970-01-01,2099-12-31,
1167,0,MIMIC4_ED,Sterile Water,19010309,RxNorm,1970-01-01,2099-12-31,
1167,0,MIMIC4_ED,Sterile Water 10mL VIAL,19010309,RxNorm,1970-01-01,2099-12-31,
1167,0,MIMIC4_ED,Sterile Water 20mL VIAL,19010309,RxNorm,1970-01-01,2099-12-31,
0,0,MIMIC4_ED,Succinylcholine,836208,RxNorm,1970-01-01,2099-12-31,
0,0,MIMIC4_ED,Succinylcholine 20mg/1mL 5mL SYR,836208,RxNorm,1970-01-01,2099-12-31,
2766,0,MIMIC4_ED,Sucralfate,1036228,RxNorm,1970-01-01,2099-12-31,
2766,0,MIMIC4_ED,Sucralfate 1gm TAB,1036228,RxNorm,1970-01-01,2099-12-31,
64638,0,MIMIC4_ED,Sugammadex 500mg/5mL 5mL VIAL,35604506,RxNorm,1970-01-01,2099-12-31,
9395,0,MIMIC4_ED,Sulfameth/Trimeth DS,44056605,RxNorm Extension,1970-01-01,2099-12-31,
9395,0,MIMIC4_ED,Sulfameth/Trimeth DS 1TAB TAB,40101830,RxNorm,1970-01-01,2099-12-31,
19193,0,MIMIC4_ED,Sumatriptan 6mg/0.5mL 0.5mL VIAL,1140643,RxNorm,1970-01-01,2099-12-31,
19193,0,MIMIC4_ED,Sumatriptan Succinate,1140643,RxNorm,1970-01-01,2099-12-31,
27546,0,MIMIC4_ED,Tamsulosin,924566,RxNorm,1970-01-01,2099-12-31,
27546,0,MIMIC4_ED,Tamsulosin 0.4mg CAP,924566,RxNorm,1970-01-01,2099-12-31,
3689,0,MIMIC4_ED,Temazepam,836715,RxNorm,1970-01-01,2099-12-31,
3689,0,MIMIC4_ED,Temazepam 15mg CAP,836715,RxNorm,1970-01-01,2099-12-31,
0,0,MIMIC4_ED,Tenofovir Disoproxil Fum.,1710281,RxNorm,1970-01-01,2099-12-31,
5024,0,MIMIC4_ED,Terbutaline Sulf 1mg/1mL 1mL AMP,1236744,RxNorm,1970-01-01,2099-12-31,
5024,0,MIMIC4_ED,Terbutaline Sulfate,40163448,RxNorm,1970-01-01,2099-12-31,
3148,0,MIMIC4_ED,Testosterone 200mg/1mL 1mL Vial,1636780,RxNorm,1970-01-01,2099-12-31,
3148,0,MIMIC4_ED,Testosterone Cypionate,1636870,RxNorm,1970-01-01,2099-12-31,
24137,0,MIMIC4_ED,Testosterone Gel 1% (2.5 g) *NF*,40086598,RxNorm,1970-01-01,2099-12-31,
46288,0,MIMIC4_ED,Tetanus-Diphtheria Tox (DECAVAC),46276281,RxNorm,1970-01-01,2099-12-31,
59079,0,MIMIC4_ED,Tetanus-DiphTox-Acell 0.5mL VIAL,42708198,RxNorm,1970-01-01,2099-12-31,
59079,0,MIMIC4_ED,Tetanus-DiphTox-Acellular Pertuss,35603451,RxNorm,1970-01-01,2099-12-31,
7861,0,MIMIC4_ED,Tetracaine 0.5% (******Ophth),1036884,RxNorm,1970-01-01,2099-12-31,
7861,0,MIMIC4_ED,Tetracaine 0.5% (Ophth),1836948,RxNorm,1970-01-01,2099-12-31,
7861,0,MIMIC4_ED,Tetracaine 0.5% (Ophth) 2mL DBTL,1036884,RxNorm,1970-01-01,2099-12-31,
7861,0,MIMIC4_ED,Tetracaine 0.5% (Ophth) 4mL DBTL,1036884,RxNorm,1970-01-01,2099-12-31,
7861,0,MIMIC4_ED,Tetracaine 0.5% Ophth 15mL DBTL,1036884,RxNorm,1970-01-01,2099-12-31,
2446,0,MIMIC4_ED,Thiamine,19137312,RxNorm,1970-01-01,2099-12-31,
2451,0,MIMIC4_ED,Thiamine 100mg TAB,19137312,RxNorm,1970-01-01,2099-12-31,
2446,0,MIMIC4_ED,Thiamine 100mg/1mL 2mL VIAL,19137312,RxNorm,1970-01-01,2099-12-31,
66950,0,MIMIC4_ED,TiCAGRELOR,40241186,RxNorm,1970-01-01,2099-12-31,
66950,0,MIMIC4_ED,TiCAGRELOR 90mg TAB,40241186,RxNorm,1970-01-01,2099-12-31,
43237,0,MIMIC4_ED,Tirofiban 5mg/100mL 100mL BAG,19017067,RxNorm,1970-01-01,2099-12-31,
27447,0,MIMIC4_ED,Tizanidine,778474,RxNorm,1970-01-01,2099-12-31,
27447,0,MIMIC4_ED,Tizanidine 2mg TAB,778474,RxNorm,1970-01-01,2099-12-31,
29837,0,MIMIC4_ED,Topiramate (Topamax),40099160,RxNorm,1970-01-01,2099-12-31,
26170,0,MIMIC4_ED,Topiramate (Topamax) 100mg TAB,19082968,RxNorm,1970-01-01,2099-12-31,
29837,0,MIMIC4_ED,Topiramate (Topamax) 25mg TAB,19116968,RxNorm,1970-01-01,2099-12-31,
21408,0,MIMIC4_ED,Torsemide,942350,RxNorm,1970-01-01,2099-12-31,
21408,0,MIMIC4_ED,Torsemide 20mg TAB,942427,RxNorm,1970-01-01,2099-12-31,
23139,0,MIMIC4_ED,TraMADOL (Ultram),1103314,RxNorm,1970-01-01,2099-12-31,
23139,0,MIMIC4_ED,TraMADol (Ultram),1103314,RxNorm,1970-01-01,2099-12-31,
23139,0,MIMIC4_ED,TraMADol (Ultram) 50mg TAB,1103314,RxNorm,1970-01-01,2099-12-31,
6505,0,MIMIC4_ED,Tranexamic Ac 100mg/1mL 10mL Amp,1303425,RxNorm,1970-01-01,2099-12-31,
6505,0,MIMIC4_ED,Tranexamic Acid,1303425,RxNorm,1970-01-01,2099-12-31,
46241,0,MIMIC4_ED,TraZODone,703547,RxNorm,1970-01-01,2099-12-31,
46241,0,MIMIC4_ED,TraZODONE,703547,RxNorm,1970-01-01,2099-12-31,
46241,0,MIMIC4_ED,TraZODone 50mg TAB,703547,RxNorm,1970-01-01,2099-12-31,
3694,0,MIMIC4_ED,TRIAzolam,704599,RxNorm,1970-01-01,2099-12-31,
3694,0,MIMIC4_ED,Triazolam *NF*,704599,RxNorm,1970-01-01,2099-12-31,
3694,0,MIMIC4_ED,TRIAzolam *NF*,704599,RxNorm,1970-01-01,2099-12-31,
3694,0,MIMIC4_ED,TRIAzolam 0.25mg TAB,704599,RxNorm,1970-01-01,2099-12-31,
4581,0,MIMIC4_ED,Trihexyphenidyl,705178,RxNorm,1970-01-01,2099-12-31,
4581,0,MIMIC4_ED,Trihexyphenidyl 2mg TAB,705178,RxNorm,1970-01-01,2099-12-31,
65578,0,MIMIC4_ED,Ulipristal,40225722,RxNorm,1970-01-01,2099-12-31,
65578,0,MIMIC4_ED,Ulipristal 30mg TAB,40225722,RxNorm,1970-01-01,2099-12-31,
50805,0,MIMIC4_ED,Valsartan,1308842,RxNorm,1970-01-01,2099-12-31,
50805,0,MIMIC4_ED,Valsartan 40mg TAB,1308842,RxNorm,1970-01-01,2099-12-31,
9329,0,MIMIC4_ED,Vancomyci 1000mg/200mL 200mL BAG,40221354,RxNorm,1970-01-01,2099-12-31,
9329,0,MIMIC4_ED,Vancomycin,1707687,RxNorm,1970-01-01,2099-12-31,
0,0,MIMIC4_ED,Vancomycin ****,1707687,RxNorm,1970-01-01,2099-12-31,
6611,0,MIMIC4_ED,Vasopressin,1507835,RxNorm,1970-01-01,2099-12-31,
6612,0,MIMIC4_ED,Vasopressin (for 40units/2mL 2mL,1507835,RxNorm,1970-01-01,2099-12-31,
6612,0,MIMIC4_ED,Vasopressin (for dilution),1507835,RxNorm,1970-01-01,2099-12-31,
8398,0,MIMIC4_ED,Vecuronium Bromide,40165388,RxNorm,1970-01-01,2099-12-31,
8398,0,MIMIC4_ED,Vecuronium Bromide 10mg VIAL,40165388,RxNorm,1970-01-01,2099-12-31,
561,0,MIMIC4_ED,Verapamil,1307863,RxNorm,1970-01-01,2099-12-31,
561,0,MIMIC4_ED,Verapamil 5mg/2mL 2mL VIAL,1307863,RxNorm,1970-01-01,2099-12-31,
28465,0,MIMIC4_ED,Vitamin D,19009405,RxNorm,1970-01-01,2099-12-31,
28465,0,MIMIC4_ED,Vitamin D (25 mcg),19009405,RxNorm,1970-01-01,2099-12-31,
28465,0,MIMIC4_ED,Vitamin D 1000UNIT TAB,19009405,RxNorm,1970-01-01,2099-12-31,
6562,0,MIMIC4_ED,Warfarin,1310149,RxNorm,1970-01-01,2099-12-31,
6560,0,MIMIC4_ED,Warfarin 2.5mg TAB,1310149,RxNorm,1970-01-01,2099-12-31,
6561,0,MIMIC4_ED,Warfarin 2mg TAB,1310149,RxNorm,1970-01-01,2099-12-31,
6562,0,MIMIC4_ED,Warfarin 5mg TAB,1310149,RxNorm,1970-01-01,2099-12-31,
47563,0,MIMIC4_ED,ZIPRASidone,712615,RxNorm,1970-01-01,2099-12-31,
47563,0,MIMIC4_ED,Ziprasidone,712615,RxNorm,1970-01-01,2099-12-31,
47563,0,MIMIC4_ED,ZIPRASidone 20mg CAP,712615,RxNorm,1970-01-01,2099-12-31,
50102,0,MIMIC4_ED,ZIPRASidone 20mg VIAL,712615,RxNorm,1970-01-01,2099-12-31,
19187,0,MIMIC4_ED,Zolpidem Tartrate,744795,RxNorm,1970-01-01,2099-12-31,
19187,0,MIMIC4_ED,Zolpidem Tartrate 5mg TAB,19134128,RxNorm,1970-01-01,2099-12-31,
45100,0,MIMIC4_ED,Zonisamide,744798,RxNorm,1970-01-01,2099-12-31,
45100,0,MIMIC4_ED,Zonisamide 100mg CAP,744798,RxNorm,1970-01-01,2099-12-31,